1972/03/06,20,Osamu Kido,950.0
1972/03/06,19,Brooklyn Kid,950.0
1972/03/06,18,Antonio Inoki,950.0
1972/03/06,17,Inca Peruano,1000.0
1972/03/06,16,Katsuhisa Shibata,1000.0
1972/03/06,15,Ivan Kameroff,1050.0
1972/03/06,14,Shoji Kai,1050.0
1972/03/06,13,Karl Gotch,1050.0

1972/03/10,20,Jim Durango,942.8536882591618
1972/03/10,19,Tatsumi Fujinami,942.8536882591618
1972/03/10,18,Brooklyn Kid,950.0
1972/03/10,17,Shoji Kai,1000.0
1972/03/10,16,Inca Peruano,1000.0
1972/03/10,15,Katsuhisa Shibata,1000.0
1972/03/10,14,Osamu Kido,1007.1463117408382
1972/03/10,13,Antonio Inoki,1007.1463117408382
1972/03/10,12,Karl Gotch,1050.0
1972/03/10,11,Ivan Kameroff,1100.0

1972/03/14,20,Tatsumi Fujinami,859.154979600488
1972/03/14,19,Jim Durango,872.7510302349706
1972/03/14,18,Brooklyn Kid,950.0
1972/03/14,17,Inca Peruano,951.0282919201761
1972/03/14,16,Osamu Kido,1007.1463117408382
1972/03/14,15,Ivan Kameroff,1035.9935000197115
1972/03/14,14,Shoji Kai,1041.8493543293368
1972/03/14,13,Antonio Inoki,1056.118019820662
1972/03/14,12,Katsuhisa Shibata,1064.0064999802885
1972/03/14,11,Karl Gotch,1085.0513290120955

1972/03/16,20,Jim Durango,821.1186932920546
1972/03/16,19,Hiroaki Hamada,930.7726627029446
1972/03/16,18,Inca Peruano,951.0282919201761
1972/03/16,17,Ivan Kameroff,981.8515694155553
1972/03/16,16,Tatsumi Fujinami,997.6096541945989
1972/03/16,15,Katsuhisa Shibata,998.1642063695245
1972/03/16,14,Brooklyn Kid,1015.8422936107639
1972/03/16,13,Shoji Kai,1041.8493543293368
1972/03/16,12,Osamu Kido,1061.2882423449944
1972/03/16,11,Antonio Inoki,1081.93418829212
1972/03/16,10,Karl Gotch,1085.0513290120955

1972/03/18,20,Jim Durango,821.1186932920546
1972/03/18,19,Hiroaki Hamada,849.7760513784276
1972/03/18,18,Ivan Kameroff,934.1974230658406
1972/03/18,17,Kotetsu Yamamoto,952.2783105487127
1972/03/18,16,Shoji Kai,979.0689393167621
1972/03/18,15,Inca Peruano,1013.8087069327509
1972/03/18,14,Tatsumi Fujinami,1038.1079598568574
1972/03/18,13,Katsuhisa Shibata,1045.8183527192393
1972/03/18,12,Osamu Kido,1061.2882423449944
1972/03/18,11,Brooklyn Kid,1063.5639830620512
1972/03/18,10,Antonio Inoki,1081.93418829212
1972/03/18,9,Karl Gotch,1085.0513290120955

1972/03/20,20,Hiroaki Hamada,799.2308359671645
1972/03/20,19,Jim Durango,821.1186932920546
1972/03/20,18,Shoji Kai,922.6470747075155
1972/03/20,17,Kotetsu Yamamoto,952.2783105487127
1972/03/20,16,Inca Peruano,973.4890068159143
1972/03/20,15,Katsuhisa Shibata,1045.8183527192393
1972/03/20,14,Ivan Kameroff,1047.0411522843337
1972/03/20,13,Osamu Kido,1061.2882423449944
1972/03/20,12,Tatsumi Fujinami,1063.380567562489
1972/03/20,11,Brooklyn Kid,1063.5639830620512
1972/03/20,10,Karl Gotch,1085.0513290120955
1972/03/20,9,Antonio Inoki,1122.2538884089568

1972/03/23,20,Hiroaki Hamada,763.3552597412937
1972/03/23,19,Kotetsu Yamamoto,905.3269885637058
1972/03/23,18,Shoji Kai,922.6470747075155
1972/03/23,17,Katsuhisa Shibata,967.3448702602827
1972/03/23,16,Jim Durango,978.0656582099678
1972/03/23,15,Ivan Kameroff,999.0903249081574
1972/03/23,14,Inca Peruano,1020.4403288009213
1972/03/23,13,Brooklyn Kid,1063.5639830620512
1972/03/23,12,Tatsumi Fujinami,1081.3183556754243
1972/03/23,11,Karl Gotch,1085.0513290120955
1972/03/23,10,Osamu Kido,1109.2390697211708
1972/03/23,9,Antonio Inoki,1122.2538884089568

1972/03/24,20,Hiroaki Hamada,735.7157694457776
1972/03/24,19,Kotetsu Yamamoto,905.3269885637058
1972/03/24,18,Katsuhisa Shibata,930.8484416460337
1972/03/24,17,Ivan Kameroff,938.2634038839691
1972/03/24,16,Jim Durango,978.0656582099678
1972/03/24,15,Inca Peruano,984.686986846295
1972/03/24,14,Shoji Kai,1044.300916755892
1972/03/24,13,Karl Gotch,1085.0513290120955
1972/03/24,12,Tatsumi Fujinami,1095.1381008231824
1972/03/24,11,Brooklyn Kid,1100.0604116763002
1972/03/24,10,Osamu Kido,1109.2390697211708
1972/03/24,9,Antonio Inoki,1158.007230363583

1972/03/25,20,Hiroaki Hamada,713.2864805212765
1972/03/25,19,Ivan Kameroff,836.129530163777
1972/03/25,18,Inca Peruano,984.686986846295
1972/03/25,17,Brooklyn Kid,1024.6434464149513
1972/03/25,16,Katsuhisa Shibata,1032.9823153662257
1972/03/25,15,Osamu Kido,1041.2102869579865
1972/03/25,14,Shoji Kai,1044.300916755892
1972/03/25,13,Jim Durango,1046.0944409731521
1972/03/25,12,Kotetsu Yamamoto,1056.1609190864037
1972/03/25,11,Karl Gotch,1085.0513290120955
1972/03/25,10,Tatsumi Fujinami,1106.352745285433
1972/03/25,9,Antonio Inoki,1158.007230363583

1972/03/29,20,Hiroaki Hamada,694.4340696390244
1972/03/29,19,Ivan Kameroff,787.4144283706706
1972/03/29,18,Shoji Kai,994.5590233461263
1972/03/29,17,Kotetsu Yamamoto,996.017678993708
1972/03/29,16,Brooklyn Kid,1024.6434464149513
1972/03/29,15,Osamu Kido,1041.2102869579865
1972/03/29,14,Inca Peruano,1044.8302269389908
1972/03/29,13,Katsuhisa Shibata,1057.339866262779
1972/03/29,12,Karl Gotch,1085.0513290120955
1972/03/29,11,Jim Durango,1095.8363343829178
1972/03/29,10,Tatsumi Fujinami,1115.778950726559
1972/03/29,9,Antonio Inoki,1158.007230363583

1972/03/30,20,Hiroaki Hamada,694.4340696390244
1972/03/30,19,Ivan Kameroff,740.8491533923092
1972/03/30,18,Tetsuo Sekigawa,966.0713900495708
1972/03/30,17,Kotetsu Yamamoto,996.017678993708
1972/03/30,16,Osamu Kido,999.0074636435388
1972/03/30,15,Shoji Kai,1017.841660835307
1972/03/30,14,Brooklyn Kid,1024.6434464149513
1972/03/30,13,Inca Peruano,1044.8302269389908
1972/03/30,12,Katsuhisa Shibata,1057.339866262779
1972/03/30,11,Karl Gotch,1085.0513290120955
1972/03/30,10,Jim Durango,1138.0391576973655
1972/03/30,9,Tatsumi Fujinami,1149.7075606769881
1972/03/30,8,Antonio Inoki,1158.007230363583

1972/04/02,20,Hiroaki Hamada,680.8712845826597
1972/04/02,19,Ivan Kameroff,703.9469486083485
1972/04/02,18,Kotetsu Yamamoto,950.1279615737695
1972/04/02,17,Tetsuo Sekigawa,966.0713900495708
1972/04/02,16,Shoji Kai,984.4808825388607
1972/04/02,15,Osamu Kido,1017.4585660355192
1972/04/02,14,Inca Peruano,1044.8302269389908
1972/04/02,13,Katsuhisa Shibata,1057.339866262779
1972/04/02,12,Brooklyn Kid,1070.5331638348898
1972/04/02,11,Karl Gotch,1085.0513290120955
1972/04/02,10,Tatsumi Fujinami,1156.4889532051704
1972/04/02,9,Antonio Inoki,1158.007230363583
1972/04/02,8,Jim Durango,1171.3999359938118

1972/04/04,20,Hiroaki Hamada,668.7162713103247
1972/04/04,19,Ivan Kameroff,670.7645970652738
1972/04/04,18,Kotetsu Yamamoto,950.1279615737695
1972/04/04,17,Tetsuo Sekigawa,966.0713900495708
1972/04/04,16,Inca Peruano,988.4142064083412
1972/04/04,15,Shoji Kai,1001.072058310398
1972/04/04,14,Osamu Kido,1017.4585660355192
1972/04/04,13,Katsuhisa Shibata,1023.1890948941453
1972/04/04,12,Toyonobori,1056.4160205306496
1972/04/04,11,Brooklyn Kid,1070.5331638348898
1972/04/04,10,Karl Gotch,1085.0513290120955
1972/04/04,9,Antonio Inoki,1158.007230363583
1972/04/04,8,Tatsumi Fujinami,1162.566459841338
1972/04/04,7,Jim Durango,1205.5507073624456

1972/04/06,20,Ivan Kameroff,646.8342214555284
1972/04/06,19,Hiroaki Hamada,657.7056476094313
1972/04/06,18,Kotetsu Yamamoto,916.7937588804018
1972/04/06,17,Tetsuo Sekigawa,966.0713900495708
1972/04/06,16,Shoji Kai,977.5141826577711
1972/04/06,15,Inca Peruano,988.4142064083412
1972/04/06,14,Katsuhisa Shibata,1023.1890948941453
1972/04/06,13,Osamu Kido,1029.4237538403918
1972/04/06,12,Toyonobori,1056.4160205306496
1972/04/06,11,Karl Gotch,1085.0513290120955
1972/04/06,10,Brooklyn Kid,1103.8673665282574
1972/04/06,9,Antonio Inoki,1158.007230363583
1972/04/06,8,Tatsumi Fujinami,1168.0717716917848
1972/04/06,7,Jim Durango,1217.329645188759

1972/04/28,20,Ivan Kameroff,646.8342214555284
1972/04/28,19,Hiroaki Hamada,647.6433783446967
1972/04/28,18,Kotetsu Yamamoto,916.7937588804018
1972/04/28,17,Shoji Kai,930.7456413942753
1972/04/28,16,Tinker Todd,958.0483061759674
1972/04/28,15,Tetsuo Sekigawa,966.0713900495708
1972/04/28,14,Katsuhisa Shibata,969.8568624494188
1972/04/28,13,Osamu Kido,975.1994295745731
1972/04/28,12,Inca Peruano,988.4142064083412
1972/04/28,11,John Heidman,1046.768541263496
1972/04/28,10,Bob Boyer,1053.3322324447265
1972/04/28,9,George Grant,1054.2243242658187
1972/04/28,8,Karl Gotch,1085.0513290120955
1972/04/28,7,Toyonobori,1098.3677143546822
1972/04/28,6,Brooklyn Kid,1103.8673665282574
1972/04/28,5,Antonio Inoki,1158.007230363583
1972/04/28,4,Tatsumi Fujinami,1173.1029063241522
1972/04/28,3,Jim Durango,1217.329645188759

1972/05/02,20,Hiroaki Hamada,638.3796772960318
1972/05/02,19,Ivan Kameroff,646.8342214555284
1972/05/02,18,Shoji Kai,850.4187814891676
1972/05/02,17,Kotetsu Yamamoto,916.7937588804018
1972/05/02,16,Katsuhisa Shibata,931.7651695823063
1972/05/02,15,Tinker Todd,958.0483061759674
1972/05/02,14,Rugged Russian B,963.7897451620272
1972/05/02,13,Tetsuo Sekigawa,966.0713900495708
1972/05/02,12,Osamu Kido,975.1994295745731
1972/05/02,11,Inca Peruano,988.4142064083412
1972/05/02,10,Rugged Russian A,1040.1634299525538
1972/05/02,9,John Heidman,1046.768541263496
1972/05/02,8,Bob Boyer,1053.3322324447265
1972/05/02,7,Karl Gotch,1085.0513290120955
1972/05/02,6,George Grant,1092.3160171329312
1972/05/02,5,Brooklyn Kid,1103.8673665282574
1972/05/02,4,Toyonobori,1134.577969192655
1972/05/02,3,Antonio Inoki,1158.007230363583
1972/05/02,2,Tatsumi Fujinami,1177.7347568484845
1972/05/02,1,Jim Durango,1217.329645188759

1972/05/06,20,Hiroaki Hamada,629.7975531288357
1972/05/06,19,Ivan Kameroff,646.8342214555284
1972/05/06,18,Shoji Kai,781.9387151948301
1972/05/06,17,Kotetsu Yamamoto,828.6122802479724
1972/05/06,16,Katsuhisa Shibata,931.7651695823063
1972/05/06,15,Osamu Kido,941.4432183984608
1972/05/06,14,Tetsuo Sekigawa,966.0713900495708
1972/05/06,13,Rugged Russian B,966.7277025845107
1972/05/06,12,Inca Peruano,988.4142064083412
1972/05/06,11,Tinker Todd,1002.139045492182
1972/05/06,10,Rugged Russian A,1040.1634299525538
1972/05/06,9,John Heidman,1046.768541263496
1972/05/06,8,Bob Boyer,1053.3322324447265
1972/05/06,7,Karl Gotch,1085.0513290120955
1972/05/06,6,Brooklyn Kid,1103.8673665282574
1972/05/06,5,George Grant,1126.0722283090433
1972/05/06,4,Antonio Inoki,1158.007230363583
1972/05/06,3,Toyonobori,1165.8800449173405
1972/05/06,2,Tatsumi Fujinami,1182.0258189320825
1972/05/06,1,Jim Durango,1217.329645188759

1972/05/09,20,Hiroaki Hamada,621.8039066897765
1972/05/09,19,Ivan Kameroff,646.8342214555284
1972/05/09,18,Shoji Kai,757.6960837574184
1972/05/09,17,Kotetsu Yamamoto,785.563191640148
1972/05/09,16,Osamu Kido,848.7078576176724
1972/05/09,15,Rugged Russian B,951.6002272946158
1972/05/09,14,Tetsuo Sekigawa,966.0713900495708
1972/05/09,13,Inca Peruano,988.4142064083412
1972/05/09,12,Tinker Todd,1002.139045492182
1972/05/09,11,Rugged Russian A,1040.1634299525538
1972/05/09,10,John Heidman,1046.768541263496
1972/05/09,9,Katsuhisa Shibata,1054.7554809428843
1972/05/09,8,Bob Boyer,1074.8567767486388
1972/05/09,7,Karl Gotch,1085.0513290120955
1972/05/09,6,Brooklyn Kid,1103.8673665282574
1972/05/09,5,George Grant,1138.193544027749
1972/05/09,4,Antonio Inoki,1158.007230363583
1972/05/09,3,Toyonobori,1165.8800449173405
1972/05/09,2,Tatsumi Fujinami,1186.0226421516122
1972/05/09,1,Jim Durango,1217.329645188759

1972/05/10,20,Hiroaki Hamada,614.3234521335395
1972/05/10,19,Ivan Kameroff,646.8342214555284
1972/05/10,18,Shoji Kai,729.9463858412008
1972/05/10,17,Osamu Kido,790.205703399165
1972/05/10,16,Kotetsu Yamamoto,849.185910888399
1972/05/10,15,Rugged Russian B,951.6002272946158
1972/05/10,14,Tetsuo Sekigawa,966.0713900495708
1972/05/10,13,Inca Peruano,988.4142064083412
1972/05/10,12,John Heidman,1014.9571816393704
1972/05/10,11,Tinker Todd,1031.3901226014357
1972/05/10,10,Rugged Russian A,1040.1634299525538
1972/05/10,9,Katsuhisa Shibata,1054.7554809428843
1972/05/10,8,Karl Gotch,1085.0513290120955
1972/05/10,7,Bob Boyer,1088.7316257067475
1972/05/10,6,George Grant,1092.1695392282843
1972/05/10,5,Brooklyn Kid,1103.8673665282574
1972/05/10,4,Antonio Inoki,1158.007230363583
1972/05/10,3,Tatsumi Fujinami,1189.7628694297307
1972/05/10,2,Toyonobori,1211.9040497168053
1972/05/10,1,Jim Durango,1217.329645188759

1972/05/11,20,Hiroaki Hamada,607.2944527446946
1972/05/11,19,Ivan Kameroff,646.8342214555284
1972/05/11,18,Osamu Kido,750.2720543862275
1972/05/11,17,Kotetsu Yamamoto,799.2137563133098
1972/05/11,16,Shoji Kai,807.8361635475164
1972/05/11,15,Rugged Russian B,933.3342360910755
1972/05/11,14,Tetsuo Sekigawa,966.0713900495708
1972/05/11,13,Inca Peruano,988.4142064083412
1972/05/11,12,John Heidman,1014.9571816393704
1972/05/11,11,Tinker Todd,1051.3569471079045
1972/05/11,10,George Grant,1053.2246503751264
1972/05/11,9,Katsuhisa Shibata,1054.7554809428843
1972/05/11,8,Rugged Russian A,1065.1495072400985
1972/05/11,7,Karl Gotch,1085.0513290120955
1972/05/11,6,Bob Boyer,1088.7316257067475
1972/05/11,5,Brooklyn Kid,1103.8673665282574
1972/05/11,4,Antonio Inoki,1158.007230363583
1972/05/11,3,Tatsumi Fujinami,1193.2773691241532
1972/05/11,2,Jim Durango,1217.329645188759
1972/05/11,1,Toyonobori,1221.0370453185756

1972/05/13,20,Ivan Kameroff,646.8342214555284
1972/05/13,19,Hiroaki Hamada,700.6656588627463
1972/05/13,18,Osamu Kido,722.2067424891111
1972/05/13,17,Shoji Kai,742.4643215445349
1972/05/13,16,Kotetsu Yamamoto,799.2137563133098
1972/05/13,15,Tetsuo Sekigawa,966.0713900495708
1972/05/13,14,Inca Peruano,988.4142064083412
1972/05/13,13,Rugged Russian B,998.706078094057
1972/05/13,12,Katsuhisa Shibata,999.0529651614253
1972/05/13,11,George Grant,1025.6569156825378
1972/05/13,10,Tinker Todd,1051.3569471079045
1972/05/13,9,John Heidman,1070.6596974208296
1972/05/13,8,Rugged Russian A,1079.1821631886567
1972/05/13,7,Karl Gotch,1085.0513290120955
1972/05/13,6,Bob Boyer,1088.7316257067475
1972/05/13,5,Brooklyn Kid,1103.8673665282574
1972/05/13,4,Tatsumi Fujinami,1146.5917660651273
1972/05/13,3,Antonio Inoki,1158.007230363583
1972/05/13,2,Jim Durango,1217.329645188759
1972/05/13,1,Toyonobori,1234.8209126648699

1972/05/14,20,Ivan Kameroff,646.8342214555284
1972/05/14,19,Osamu Kido,700.578826302927
1972/05/14,18,Shoji Kai,742.4643215445349
1972/05/14,17,Hiroaki Hamada,786.4065538984474
1972/05/14,16,Rugged Russian B,922.7847694914979
1972/05/14,15,Kotetsu Yamamoto,951.056373518428
1972/05/14,14,Katsuhisa Shibata,960.3842868206159
1972/05/14,13,Tetsuo Sekigawa,966.0713900495708
1972/05/14,12,Inca Peruano,988.4142064083412
1972/05/14,11,George Grant,1025.6569156825378
1972/05/14,10,Tinker Todd,1051.3569471079045
1972/05/14,9,John Heidman,1070.6596974208296
1972/05/14,8,Karl Gotch,1085.0513290120955
1972/05/14,7,Bob Boyer,1099.5455837998395
1972/05/14,6,Tatsumi Fujinami,1103.7213185472767
1972/05/14,5,Brooklyn Kid,1103.8673665282574
1972/05/14,4,Rugged Russian A,1117.8508415294662
1972/05/14,3,Antonio Inoki,1158.007230363583
1972/05/14,2,Jim Durango,1217.329645188759
1972/05/14,1,Toyonobori,1234.8209126648699

1972/05/15,20,Ivan Kameroff,646.8342214555284
1972/05/15,19,Osamu Kido,677.1393308421324
1972/05/15,18,Shoji Kai,690.1574122709078
1972/05/15,17,Hiroaki Hamada,758.6780458163033
1972/05/15,16,Kotetsu Yamamoto,923.3714798835141
1972/05/15,15,Katsuhisa Shibata,960.3842868206159
1972/05/15,14,Tetsuo Sekigawa,966.0713900495708
1972/05/15,13,Rugged Russian B,975.0916787651248
1972/05/15,12,Inca Peruano,988.4142064083412
1972/05/15,11,George Grant,1025.6569156825378
1972/05/15,10,Tinker Todd,1063.0766948383018
1972/05/15,9,Bob Boyer,1068.0857297880807
1972/05/15,8,John Heidman,1070.6596974208296
1972/05/15,7,Karl Gotch,1085.0513290120955
1972/05/15,6,Brooklyn Kid,1103.8673665282574
1972/05/15,5,Tatsumi Fujinami,1117.585572588349
1972/05/15,4,Rugged Russian A,1145.53573516438
1972/05/15,3,Antonio Inoki,1158.007230363583
1972/05/15,2,Jim Durango,1217.329645188759
1972/05/15,1,Toyonobori,1250.5508396707492

1972/05/18,20,Ivan Kameroff,646.8342214555284
1972/05/18,19,Osamu Kido,664.5009995648226
1972/05/18,18,Hiroaki Hamada,736.1896750391559
1972/05/18,17,Shoji Kai,764.8358477802642
1972/05/18,16,Kotetsu Yamamoto,923.3714798835141
1972/05/18,15,Katsuhisa Shibata,924.7470691431464
1972/05/18,14,Rugged Russian B,958.0922873254824
1972/05/18,13,Tetsuo Sekigawa,966.0713900495708
1972/05/18,12,George Grant,988.3176979278596
1972/05/18,11,Inca Peruano,988.4142064083412
1972/05/18,10,Bob Boyer,1068.0857297880807
1972/05/18,9,John Heidman,1070.6596974208296
1972/05/18,8,Karl Gotch,1085.0513290120955
1972/05/18,7,Tinker Todd,1098.7139125157712
1972/05/18,6,Brooklyn Kid,1103.8673665282574
1972/05/18,5,Tatsumi Fujinami,1128.8297579769226
1972/05/18,4,Rugged Russian A,1151.8549008030348
1972/05/18,3,Antonio Inoki,1158.007230363583
1972/05/18,2,Jim Durango,1217.329645188759
1972/05/18,1,Toyonobori,1259.0505353905703

1972/05/19,20,Ivan Kameroff,646.8342214555284
1972/05/19,19,Shoji Kai,715.3538396161359
1972/05/19,18,Hiroaki Hamada,717.2953315005082
1972/05/19,17,Osamu Kido,837.6544003315571
1972/05/19,16,Katsuhisa Shibata,871.0151407529397
1972/05/19,15,George Grant,901.7409975444924
1972/05/19,14,Kotetsu Yamamoto,923.3714798835141
1972/05/19,13,Tetsuo Sekigawa,966.0713900495708
1972/05/19,12,Rugged Russian B,982.8332914075465
1972/05/19,11,Inca Peruano,988.4142064083412
1972/05/19,10,John Heidman,1045.3934956400697
1972/05/19,9,Bob Boyer,1068.0857297880807
1972/05/19,8,Karl Gotch,1085.0513290120955
1972/05/19,7,Brooklyn Kid,1103.8673665282574
1972/05/19,6,Tinker Todd,1125.5798767108745
1972/05/19,5,Tatsumi Fujinami,1138.2769297462464
1972/05/19,4,Rugged Russian A,1151.8549008030348
1972/05/19,3,Antonio Inoki,1158.007230363583
1972/05/19,2,Jim Durango,1217.329645188759
1972/05/19,1,Toyonobori,1271.6836362809502

1972/05/21,20,Ivan Kameroff,646.8342214555284
1972/05/21,19,Shoji Kai,698.1218620694503
1972/05/21,18,Hiroaki Hamada,701.0136771601397
1972/05/21,17,Katsuhisa Shibata,871.0151407529397
1972/05/21,16,George Grant,880.4896628665301
1972/05/21,15,Kotetsu Yamamoto,881.0497589607307
1972/05/21,14,Rugged Russian B,913.0770539568304
1972/05/21,13,Tetsuo Sekigawa,966.0713900495708
1972/05/21,12,Osamu Kido,977.1668752329895
1972/05/21,11,Inca Peruano,988.4142064083412
1972/05/21,10,John Heidman,1045.3934956400697
1972/05/21,9,Bob Boyer,1068.0857297880807
1972/05/21,8,Karl Gotch,1085.0513290120955
1972/05/21,7,Brooklyn Kid,1103.8673665282574
1972/05/21,6,Tinker Todd,1134.1958654842174
1972/05/21,5,Tatsumi Fujinami,1146.4177569164308
1972/05/21,4,Antonio Inoki,1158.007230363583
1972/05/21,3,Rugged Russian A,1173.0157612644264
1972/05/21,2,Jim Durango,1217.329645188759
1972/05/21,1,Toyonobori,1276.9964699504408

1972/05/22,20,Hiroaki Hamada,600.1813650902882
1972/05/22,19,Ivan Kameroff,646.8342214555284
1972/05/22,18,Shoji Kai,798.9541741393018
1972/05/22,17,Katsuhisa Shibata,817.3762484678236
1972/05/22,16,Kotetsu Yamamoto,881.0497589607307
1972/05/22,15,Rugged Russian B,891.1581299439788
1972/05/22,14,Osamu Kido,948.342551509554
1972/05/22,13,Tetsuo Sekigawa,966.0713900495708
1972/05/22,12,Inca Peruano,988.4142064083412
1972/05/22,11,George Grant,1044.914480589703
1972/05/22,10,Tatsumi Fujinami,1064.2053480548443
1972/05/22,9,Bob Boyer,1068.0857297880807
1972/05/22,8,John Heidman,1072.2129417826277
1972/05/22,7,Karl Gotch,1085.0513290120955
1972/05/22,6,Brooklyn Kid,1103.8673665282574
1972/05/22,5,Antonio Inoki,1158.007230363583
1972/05/22,4,Tinker Todd,1163.020189207653
1972/05/22,3,Rugged Russian A,1173.0157612644264
1972/05/22,2,Jim Durango,1217.329645188759
1972/05/22,1,Toyonobori,1282.4762009536537

1972/05/24,20,Ivan Kameroff,646.8342214555284
1972/05/24,19,Hiroaki Hamada,687.241735829637
1972/05/24,18,Rugged Russian B,765.225656720592
1972/05/24,17,Katsuhisa Shibata,817.3762484678236
1972/05/24,16,Kotetsu Yamamoto,849.6489716961377
1972/05/24,15,Osamu Kido,903.3084064537113
1972/05/24,14,Shoji Kai,924.8866473626886
1972/05/24,13,Tetsuo Sekigawa,966.0713900495708
1972/05/24,12,Inca Peruano,988.4142064083412
1972/05/24,11,Tatsumi Fujinami,1020.6751626851699
1972/05/24,10,George Grant,1024.6123204355115
1972/05/24,9,Bob Boyer,1068.0857297880807
1972/05/24,8,John Heidman,1072.2129417826277
1972/05/24,7,Karl Gotch,1085.0513290120955
1972/05/24,6,Brooklyn Kid,1103.8673665282574
1972/05/24,5,Antonio Inoki,1158.007230363583
1972/05/24,4,Tinker Todd,1185.5372617355742
1972/05/24,3,Rugged Russian A,1188.7161548967229
1972/05/24,2,Jim Durango,1217.329645188759
1972/05/24,1,Toyonobori,1292.6272810307494

1972/06/13,20,Rugged Russian B,765.225656720592
1972/06/13,19,Katsuhisa Shibata,817.3762484678236
1972/06/13,18,Shoji Kai,846.1753611751135
1972/06/13,17,Kotetsu Yamamoto,849.6489716961377
1972/06/13,16,Osamu Kido,903.3084064537113
1972/06/13,15,Tetsuo Sekigawa,966.0713900495708
1972/06/13,14,Jim Grabmire,984.3499227192887
1972/06/13,13,Inca Peruano,988.4142064083412
1972/06/13,12,George Grant,1024.6123204355115
1972/06/13,11,Tatsumi Fujinami,1033.4680439942279
1972/06/13,10,Jesse James,1039.3556430937876
1972/06/13,9,Bob Boyer,1068.0857297880807
1972/06/13,8,John Heidman,1072.2129417826277
1972/06/13,7,Karl Gotch,1085.0513290120955
1972/06/13,6,Brooklyn Kid,1103.8673665282574
1972/06/13,5,Antonio Inoki,1158.007230363583
1972/06/13,4,Tinker Todd,1185.5372617355742
1972/06/13,3,Rugged Russian A,1188.7161548967229
1972/06/13,2,Jim Durango,1217.329645188759
1972/06/13,1,Toyonobori,1300.452319671105

1972/06/15,20,Kotetsu Yamamoto,790.4102545087769
1972/06/15,19,Shoji Kai,897.554014974085
1972/06/15,18,Osamu Kido,903.3084064537113
1972/06/15,17,Tetsuo Sekigawa,966.0713900495708
1972/06/15,16,Tatsumi Fujinami,984.3152565198762
1972/06/15,15,Jim Grabmire,984.3499227192887
1972/06/15,14,Inca Peruano,988.4142064083412
1972/06/15,13,George Grant,1024.6123204355115
1972/06/15,12,Eddie Sullivan,1025.8981910861983
1972/06/15,11,Rip Tyler,1029.6193585936803
1972/06/15,10,Bob Boyer,1068.0857297880807
1972/06/15,9,John Heidman,1072.2129417826277
1972/06/15,8,Karl Gotch,1085.0513290120955
1972/06/15,7,Jesse James,1088.5084305681391
1972/06/15,6,Brooklyn Kid,1103.8673665282574
1972/06/15,5,Antonio Inoki,1158.007230363583
1972/06/15,4,Tinker Todd,1185.5372617355742
1972/06/15,3,Rugged Russian A,1188.7161548967229
1972/06/15,2,Jim Durango,1217.329645188759
1972/06/15,1,Toyonobori,1300.452319671105

1972/06/24,20,Rugged Russian B,765.225656720592
1972/06/24,19,Shoji Kai,897.554014974085
1972/06/24,18,Osamu Kido,903.3084064537113
1972/06/24,17,Tetsuo Sekigawa,966.0713900495708
1972/06/24,16,Inca Peruano,988.4142064083412
1972/06/24,15,Tatsumi Fujinami,994.7191156070156
1972/06/24,14,Jim Grabmire,1009.017768143334
1972/06/24,13,George Grant,1024.6123204355115
1972/06/24,12,Eddie Sullivan,1025.8981910861983
1972/06/24,11,Rip Tyler,1047.566489841063
1972/06/24,10,Bob Boyer,1068.0857297880807
1972/06/24,9,John Heidman,1072.2129417826277
1972/06/24,8,Karl Gotch,1085.0513290120955
1972/06/24,7,Jesse James,1088.5084305681391
1972/06/24,6,Brooklyn Kid,1103.8673665282574
1972/06/24,5,Antonio Inoki,1158.007230363583
1972/06/24,4,Tinker Todd,1185.5372617355742
1972/06/24,3,Rugged Russian A,1188.7161548967229
1972/06/24,2,Jim Durango,1217.329645188759
1972/06/24,1,Toyonobori,1300.452319671105

1972/06/25,20,Katsuhisa Shibata,896.3113415377106
1972/06/25,19,Shoji Kai,897.554014974085
1972/06/25,18,Jim Grabmire,925.7048992748097
1972/06/25,17,Tatsumi Fujinami,953.563352101462
1972/06/25,16,Tetsuo Sekigawa,966.0713900495708
1972/06/25,15,Inca Peruano,988.4142064083412
1972/06/25,14,Jesse James,1014.1230333829885
1972/06/25,13,George Grant,1024.6123204355115
1972/06/25,12,Eddie Sullivan,1025.8981910861983
1972/06/25,11,Rip Tyler,1047.566489841063
1972/06/25,10,Osamu Kido,1052.0792008240126
1972/06/25,9,Bob Boyer,1068.0857297880807
1972/06/25,8,John Heidman,1072.2129417826277
1972/06/25,7,Karl Gotch,1085.0513290120955
1972/06/25,6,Brooklyn Kid,1103.8673665282574
1972/06/25,5,Antonio Inoki,1158.007230363583
1972/06/25,4,Tinker Todd,1185.5372617355742
1972/06/25,3,Rugged Russian A,1188.7161548967229
1972/06/25,2,Jim Durango,1217.329645188759
1972/06/25,1,Toyonobori,1300.452319671105

1972/06/27,20,Katsuhisa Shibata,896.3113415377106
1972/06/27,19,Shoji Kai,940.398692413104
1972/06/27,18,Tatsumi Fujinami,953.563352101462
1972/06/27,17,Tetsuo Sekigawa,966.0713900495708
1972/06/27,16,Osamu Kido,984.6542401127474
1972/06/27,15,Inca Peruano,988.4142064083412
1972/06/27,14,Jesse James,997.9883896415137
1972/06/27,13,George Grant,1024.6123204355115
1972/06/27,12,Eddie Sullivan,1025.8981910861983
1972/06/27,11,Rip Tyler,1047.566489841063
1972/06/27,10,Jim Grabmire,1060.55482069734
1972/06/27,9,Bob Boyer,1068.0857297880807
1972/06/27,8,John Heidman,1072.2129417826277
1972/06/27,7,Karl Gotch,1085.0513290120955
1972/06/27,6,Brooklyn Kid,1103.8673665282574
1972/06/27,5,Antonio Inoki,1158.007230363583
1972/06/27,4,Tinker Todd,1185.5372617355742
1972/06/27,3,Rugged Russian A,1188.7161548967229
1972/06/27,2,Jim Durango,1217.329645188759
1972/06/27,1,Toyonobori,1308.5196415418425

1972/06/28,20,Kotetsu Yamamoto,913.6424464225961
1972/06/28,19,Osamu Kido,936.572236884471
1972/06/28,18,Shoji Kai,940.398692413104
1972/06/28,17,Tetsuo Sekigawa,966.0713900495708
1972/06/28,16,Tatsumi Fujinami,966.9325428061092
1972/06/28,15,Jim Grabmire,974.2708793163849
1972/06/28,14,Inca Peruano,988.4142064083412
1972/06/28,13,George Grant,1024.6123204355115
1972/06/28,12,Eddie Sullivan,1025.8981910861983
1972/06/28,11,Jesse James,1046.07039286979
1972/06/28,10,Rip Tyler,1047.566489841063
1972/06/28,9,Bob Boyer,1068.0857297880807
1972/06/28,8,John Heidman,1072.2129417826277
1972/06/28,7,Karl Gotch,1085.0513290120955
1972/06/28,6,Brooklyn Kid,1103.8673665282574
1972/06/28,5,Antonio Inoki,1158.007230363583
1972/06/28,4,Tinker Todd,1185.5372617355742
1972/06/28,3,Rugged Russian A,1188.7161548967229
1972/06/28,2,Jim Durango,1217.329645188759
1972/06/28,1,Toyonobori,1308.5196415418425

1972/06/29,20,Kotetsu Yamamoto,913.6424464225961
1972/06/29,19,Osamu Kido,936.572236884471
1972/06/29,18,Shoji Kai,965.3783747002742
1972/06/29,17,Tetsuo Sekigawa,966.0713900495708
1972/06/29,16,Tatsumi Fujinami,966.9325428061092
1972/06/29,15,Inca Peruano,988.4142064083412
1972/06/29,14,Jim Grabmire,1013.2361763328712
1972/06/29,13,George Grant,1024.6123204355115
1972/06/29,12,Eddie Sullivan,1025.8981910861983
1972/06/29,11,Jesse James,1027.988060188523
1972/06/29,10,Rip Tyler,1047.566489841063
1972/06/29,9,Bob Boyer,1068.0857297880807
1972/06/29,8,John Heidman,1072.2129417826277
1972/06/29,7,Karl Gotch,1085.0513290120955
1972/06/29,6,Brooklyn Kid,1103.8673665282574
1972/06/29,5,Antonio Inoki,1158.007230363583
1972/06/29,4,Tinker Todd,1185.5372617355742
1972/06/29,3,Rugged Russian A,1188.7161548967229
1972/06/29,2,Jim Durango,1217.329645188759
1972/06/29,1,Toyonobori,1317.5608078824762

1972/07/02,20,Kotetsu Yamamoto,913.6424464225961
1972/07/02,19,Shoji Kai,924.2923504624508
1972/07/02,18,Osamu Kido,936.572236884471
1972/07/02,17,Tetsuo Sekigawa,966.0713900495708
1972/07/02,16,Tatsumi Fujinami,976.5247884654984
1972/07/02,15,Inca Peruano,988.4142064083412
1972/07/02,14,George Grant,1024.6123204355115
1972/07/02,13,Eddie Sullivan,1025.8981910861983
1972/07/02,12,Jim Grabmire,1037.8061925134443
1972/07/02,11,Rip Tyler,1047.566489841063
1972/07/02,10,Bob Boyer,1068.0857297880807
1972/07/02,9,Jesse James,1069.0740844263464
1972/07/02,8,John Heidman,1072.2129417826277
1972/07/02,7,Karl Gotch,1085.0513290120955
1972/07/02,6,Brooklyn Kid,1103.8673665282574
1972/07/02,5,Antonio Inoki,1158.007230363583
1972/07/02,4,Tinker Todd,1185.5372617355742
1972/07/02,3,Rugged Russian A,1188.7161548967229
1972/07/02,2,Jim Durango,1217.329645188759
1972/07/02,1,Toyonobori,1317.5608078824762

1972/07/03,20,Osamu Kido,864.9122006670489
1972/07/03,19,Kotetsu Yamamoto,913.6424464225961
1972/07/03,18,Tatsumi Fujinami,939.5373693732994
1972/07/03,17,Shoji Kai,945.9498678288894
1972/07/03,16,Tetsuo Sekigawa,966.0713900495708
1972/07/03,15,Inca Peruano,988.4142064083412
1972/07/03,14,George Grant,1024.6123204355115
1972/07/03,13,Eddie Sullivan,1025.8981910861983
1972/07/03,12,Rip Tyler,1047.566489841063
1972/07/03,11,Bob Boyer,1068.0857297880807
1972/07/03,10,John Heidman,1072.2129417826277
1972/07/03,9,Jim Grabmire,1073.6362106221554
1972/07/03,8,Karl Gotch,1085.0513290120955
1972/07/03,7,Brooklyn Kid,1103.8673665282574
1972/07/03,6,Jesse James,1106.0615035185456
1972/07/03,5,Antonio Inoki,1158.007230363583
1972/07/03,4,Tinker Todd,1185.5372617355742
1972/07/03,3,Rugged Russian A,1188.7161548967229
1972/07/03,2,Jim Durango,1217.329645188759
1972/07/03,1,Toyonobori,1317.5608078824762

1972/07/04,20,Tatsumi Fujinami,841.3828252468085
1972/07/04,19,Kotetsu Yamamoto,905.865363742603
1972/07/04,18,Tetsuo Sekigawa,966.0713900495708
1972/07/04,17,Inca Peruano,988.4142064083412
1972/07/04,16,Eddie Sullivan,994.044001401453
1972/07/04,15,Jim Grabmire,996.7568458265
1972/07/04,14,Osamu Kido,1018.6709302583597
1972/07/04,13,George Grant,1024.6123204355115
1972/07/04,12,Shoji Kai,1044.1044119553803
1972/07/04,11,Rip Tyler,1059.5355293667997
1972/07/04,10,Bob Boyer,1068.0857297880807
1972/07/04,9,John Heidman,1072.2129417826277
1972/07/04,8,Jesse James,1083.2236193129502
1972/07/04,7,Karl Gotch,1085.0513290120955
1972/07/04,6,Brooklyn Kid,1103.8673665282574
1972/07/04,5,Tinker Todd,1185.5372617355742
1972/07/04,4,Rugged Russian A,1188.7161548967229
1972/07/04,3,Antonio Inoki,1189.8614200483282
1972/07/04,2,Jim Durango,1217.329645188759
1972/07/04,1,Toyonobori,1328.9797499852739

1972/07/24,20,Tetsuo Sekigawa,966.0713900495708
1972/07/24,19,Dick Dunn,986.9183611788678
1972/07/24,18,Inca Peruano,988.4142064083412
1972/07/24,17,Eddie Sullivan,994.044001401453
1972/07/24,16,Jim Grabmire,996.7568458265
1972/07/24,15,Osamu Kido,1018.6709302583597
1972/07/24,14,George Grant,1024.6123204355115
1972/07/24,13,Koa Tiki,1050.0
1972/07/24,12,Rip Tyler,1059.5355293667997
1972/07/24,11,Shoji Kai,1067.8449171780128
1972/07/24,10,Bob Boyer,1068.0857297880807
1972/07/24,9,John Heidman,1072.2129417826277
1972/07/24,8,Jesse James,1083.2236193129502
1972/07/24,7,Karl Gotch,1085.0513290120955
1972/07/24,6,Brooklyn Kid,1103.8673665282574
1972/07/24,5,Tinker Todd,1185.5372617355742
1972/07/24,4,Rugged Russian A,1188.7161548967229
1972/07/24,3,Antonio Inoki,1189.8614200483282
1972/07/24,2,Jim Durango,1217.329645188759
1972/07/24,1,Toyonobori,1335.5205693958399

1972/07/27,20,Dick Dunn,963.2009294464424
1972/07/27,19,Tetsuo Sekigawa,966.0713900495708
1972/07/27,18,Osamu Kido,973.1673655128214
1972/07/27,17,Inca Peruano,988.4142064083412
1972/07/27,16,Eddie Sullivan,994.044001401453
1972/07/27,15,Jim Grabmire,996.7568458265
1972/07/27,14,George Grant,1024.6123204355115
1972/07/27,13,Rip Tyler,1059.5355293667997
1972/07/27,12,Bob Boyer,1068.0857297880807
1972/07/27,11,John Heidman,1072.2129417826277
1972/07/27,10,Shoji Kai,1072.3263456803322
1972/07/27,9,Jesse James,1083.2236193129502
1972/07/27,8,Karl Gotch,1085.0513290120955
1972/07/27,7,Koa Tiki,1095.5035647455381
1972/07/27,6,Brooklyn Kid,1103.8673665282574
1972/07/27,5,Tinker Todd,1185.5372617355742
1972/07/27,4,Rugged Russian A,1188.7161548967229
1972/07/27,3,Antonio Inoki,1213.5788517807537
1972/07/27,2,Jim Durango,1217.329645188759
1972/07/27,1,Toyonobori,1335.5205693958399

1972/07/28,20,Inca Peruano,988.4142064083412
1972/07/28,19,Eddie Sullivan,994.044001401453
1972/07/28,18,Jim Grabmire,996.7568458265
1972/07/28,17,Osamu Kido,999.4382701733987
1972/07/28,16,Koa Tiki,1008.4889590187156
1972/07/28,15,George Grant,1024.6123204355115
1972/07/28,14,Bobby Cash,1036.77497676335
1972/07/28,13,Ernie Lassiter,1042.8536882591618
1972/07/28,12,Rip Tyler,1059.5355293667997
1972/07/28,11,Bob Boyer,1068.0857297880807
1972/07/28,10,John Heidman,1072.2129417826277
1972/07/28,9,Shoji Kai,1072.3263456803322
1972/07/28,8,Jesse James,1083.2236193129502
1972/07/28,7,Karl Gotch,1085.0513290120955
1972/07/28,6,Brooklyn Kid,1103.8673665282574
1972/07/28,5,Tinker Todd,1185.5372617355742
1972/07/28,4,Rugged Russian A,1188.7161548967229
1972/07/28,3,Antonio Inoki,1213.5788517807537
1972/07/28,2,Jim Durango,1217.329645188759
1972/07/28,1,Toyonobori,1335.5205693958399

1972/07/31,20,Inca Peruano,988.4142064083412
1972/07/31,19,Eddie Sullivan,994.044001401453
1972/07/31,18,Jim Grabmire,996.7568458265
1972/07/31,17,Dick Dunn,1018.3970737628395
1972/07/31,16,George Grant,1024.6123204355115
1972/07/31,15,Bobby Cash,1036.77497676335
1972/07/31,14,Ernie Lassiter,1042.8536882591618
1972/07/31,13,Katsuhisa Shibata,1058.7944431116175
1972/07/31,12,Rip Tyler,1059.5355293667997
1972/07/31,11,Bob Boyer,1068.0857297880807
1972/07/31,10,John Heidman,1072.2129417826277
1972/07/31,9,Shoji Kai,1072.3263456803322
1972/07/31,8,Jesse James,1083.2236193129502
1972/07/31,7,Karl Gotch,1085.0513290120955
1972/07/31,6,Brooklyn Kid,1103.8673665282574
1972/07/31,5,Tinker Todd,1185.5372617355742
1972/07/31,4,Rugged Russian A,1188.7161548967229
1972/07/31,3,Antonio Inoki,1213.5788517807537
1972/07/31,2,Jim Durango,1217.329645188759
1972/07/31,1,Toyonobori,1335.5205693958399

1972/08/01,20,Inca Peruano,988.4142064083412
1972/08/01,19,Eddie Sullivan,994.044001401453
1972/08/01,18,Jim Grabmire,996.7568458265
1972/08/01,17,Katsuhisa Shibata,1006.5019924544507
1972/08/01,16,Dick Dunn,1018.3970737628395
1972/08/01,15,Bobby Cash,1021.5842260344558
1972/08/01,14,George Grant,1024.6123204355115
1972/08/01,13,Rip Tyler,1059.5355293667997
1972/08/01,12,Bob Boyer,1068.0857297880807
1972/08/01,11,John Heidman,1072.2129417826277
1972/08/01,10,Shoji Kai,1075.5657382429276
1972/08/01,9,Jesse James,1083.2236193129502
1972/08/01,8,Karl Gotch,1085.0513290120955
1972/08/01,7,Ernie Lassiter,1095.1461389163287
1972/08/01,6,Brooklyn Kid,1103.8673665282574
1972/08/01,5,Tinker Todd,1185.5372617355742
1972/08/01,4,Rugged Russian A,1188.7161548967229
1972/08/01,3,Antonio Inoki,1213.5788517807537
1972/08/01,2,Jim Durango,1217.329645188759
1972/08/01,1,Toyonobori,1343.115944760287

1972/08/05,20,Tetsuo Sekigawa,966.0713900495708
1972/08/05,19,Inca Peruano,988.4142064083412
1972/08/05,18,Eddie Sullivan,994.044001401453
1972/08/05,17,Jim Grabmire,996.7568458265
1972/08/05,16,Bobby Cash,1021.5842260344558
1972/08/05,15,George Grant,1024.6123204355115
1972/08/05,14,Rip Tyler,1059.5355293667997
1972/08/05,13,Dick Dunn,1066.685902492126
1972/08/05,12,Bob Boyer,1068.0857297880807
1972/08/05,11,John Heidman,1072.2129417826277
1972/08/05,10,Jesse James,1083.2236193129502
1972/08/05,9,Karl Gotch,1085.0513290120955
1972/08/05,8,Shoji Kai,1091.491541290724
1972/08/05,7,Ernie Lassiter,1095.1461389163287
1972/08/05,6,Brooklyn Kid,1103.8673665282574
1972/08/05,5,Tinker Todd,1185.5372617355742
1972/08/05,4,Rugged Russian A,1188.7161548967229
1972/08/05,3,Antonio Inoki,1213.5788517807537
1972/08/05,2,Jim Durango,1217.329645188759
1972/08/05,1,Toyonobori,1345.4153114809542

1972/08/06,20,Tetsuo Sekigawa,966.0713900495708
1972/08/06,19,Inca Peruano,988.4142064083412
1972/08/06,18,Eddie Sullivan,994.044001401453
1972/08/06,17,Jim Grabmire,996.7568458265
1972/08/06,16,George Grant,1024.6123204355115
1972/08/06,15,Rip Tyler,1059.5355293667997
1972/08/06,14,Bobby Cash,1063.4558047583769
1972/08/06,13,Bob Boyer,1068.0857297880807
1972/08/06,12,John Heidman,1072.2129417826277
1972/08/06,11,Jesse James,1083.2236193129502
1972/08/06,10,Karl Gotch,1085.0513290120955
1972/08/06,9,Shoji Kai,1091.491541290724
1972/08/06,8,Ernie Lassiter,1095.1461389163287
1972/08/06,7,Dick Dunn,1095.2146364184632
1972/08/06,6,Brooklyn Kid,1103.8673665282574
1972/08/06,5,Tinker Todd,1185.5372617355742
1972/08/06,4,Rugged Russian A,1188.7161548967229
1972/08/06,3,Antonio Inoki,1213.5788517807537
1972/08/06,2,Jim Durango,1217.329645188759
1972/08/06,1,Toyonobori,1345.4153114809542

1972/08/07,20,Inca Peruano,988.4142064083412
1972/08/07,19,Eddie Sullivan,994.044001401453
1972/08/07,18,Jim Grabmire,996.7568458265
1972/08/07,17,Osamu Kido,997.668108381903
1972/08/07,16,George Grant,1024.6123204355115
1972/08/07,15,Rip Tyler,1059.5355293667997
1972/08/07,14,Bob Boyer,1068.0857297880807
1972/08/07,13,John Heidman,1072.2129417826277
1972/08/07,12,Jesse James,1083.2236193129502
1972/08/07,11,Karl Gotch,1085.0513290120955
1972/08/07,10,Bobby Cash,1086.1047845367568
1972/08/07,9,Shoji Kai,1091.491541290724
1972/08/07,8,Ernie Lassiter,1095.1461389163287
1972/08/07,7,Brooklyn Kid,1103.8673665282574
1972/08/07,6,Dick Dunn,1126.460629475802
1972/08/07,5,Tinker Todd,1185.5372617355742
1972/08/07,4,Rugged Russian A,1188.7161548967229
1972/08/07,3,Antonio Inoki,1213.5788517807537
1972/08/07,2,Jim Durango,1217.329645188759
1972/08/07,1,Toyonobori,1345.4153114809542

1972/08/08,20,Tetsuo Sekigawa,966.0713900495708
1972/08/08,19,Inca Peruano,988.4142064083412
1972/08/08,18,Eddie Sullivan,994.044001401453
1972/08/08,17,Jim Grabmire,996.7568458265
1972/08/08,16,George Grant,1024.6123204355115
1972/08/08,15,Rip Tyler,1059.5355293667997
1972/08/08,14,Bob Boyer,1068.0857297880807
1972/08/08,13,John Heidman,1072.2129417826277
1972/08/08,12,Jesse James,1083.2236193129502
1972/08/08,11,Karl Gotch,1085.0513290120955
1972/08/08,10,Shoji Kai,1093.503100467042
1972/08/08,9,Brooklyn Kid,1103.8673665282574
1972/08/08,8,Bobby Cash,1114.6807232870724
1972/08/08,7,Dick Dunn,1126.460629475802
1972/08/08,6,Ernie Lassiter,1131.4747741288297
1972/08/08,5,Tinker Todd,1185.5372617355742
1972/08/08,4,Rugged Russian A,1188.7161548967229
1972/08/08,3,Antonio Inoki,1213.5788517807537
1972/08/08,2,Jim Durango,1217.329645188759
1972/08/08,1,Toyonobori,1347.6148856306734

1972/08/10,20,Inca Peruano,988.4142064083412
1972/08/10,19,Eddie Sullivan,994.044001401453
1972/08/10,18,Jim Grabmire,996.7568458265
1972/08/10,17,George Grant,1024.6123204355115
1972/08/10,16,Dick Dunn,1050.0956129291194
1972/08/10,15,Rip Tyler,1059.5355293667997
1972/08/10,14,Bob Boyer,1068.0857297880807
1972/08/10,13,John Heidman,1072.2129417826277
1972/08/10,12,Kotetsu Yamamoto,1075.4550035280195
1972/08/10,11,Jesse James,1083.2236193129502
1972/08/10,10,Karl Gotch,1085.0513290120955
1972/08/10,9,Shoji Kai,1103.7416517366753
1972/08/10,8,Brooklyn Kid,1103.8673665282574
1972/08/10,7,Bobby Cash,1134.3110899539824
1972/08/10,6,Tinker Todd,1185.5372617355742
1972/08/10,5,Rugged Russian A,1188.7161548967229
1972/08/10,4,Ernie Lassiter,1209.1042413743085
1972/08/10,3,Antonio Inoki,1213.5788517807537
1972/08/10,2,Jim Durango,1217.329645188759
1972/08/10,1,Toyonobori,1308.800152007934

1972/08/11,20,Inca Peruano,988.4142064083412
1972/08/11,19,Eddie Sullivan,994.044001401453
1972/08/11,18,Jim Grabmire,996.7568458265
1972/08/11,17,George Grant,1024.6123204355115
1972/08/11,16,Kotetsu Yamamoto,1043.792962411253
1972/08/11,15,Dick Dunn,1050.0956129291194
1972/08/11,14,Rip Tyler,1059.5355293667997
1972/08/11,13,Bob Boyer,1068.0857297880807
1972/08/11,12,John Heidman,1072.2129417826277
1972/08/11,11,Jesse James,1083.2236193129502
1972/08/11,10,Karl Gotch,1085.0513290120955
1972/08/11,9,Shoji Kai,1103.7416517366753
1972/08/11,8,Brooklyn Kid,1103.8673665282574
1972/08/11,7,Bobby Cash,1161.2897672560825
1972/08/11,6,Tinker Todd,1185.5372617355742
1972/08/11,5,Rugged Russian A,1188.7161548967229
1972/08/11,4,Antonio Inoki,1213.5788517807537
1972/08/11,3,Jim Durango,1217.329645188759
1972/08/11,2,Ernie Lassiter,1224.9352619326917
1972/08/11,1,Toyonobori,1308.800152007934

1972/08/14,20,Inca Peruano,988.4142064083412
1972/08/14,19,Eddie Sullivan,994.044001401453
1972/08/14,18,Jim Grabmire,996.7568458265
1972/08/14,17,George Grant,1024.6123204355115
1972/08/14,16,Rip Tyler,1059.5355293667997
1972/08/14,15,Bob Boyer,1068.0857297880807
1972/08/14,14,John Heidman,1072.2129417826277
1972/08/14,13,Kotetsu Yamamoto,1074.5286596419899
1972/08/14,12,Jesse James,1083.2236193129502
1972/08/14,11,Dick Dunn,1084.02991826249
1972/08/14,10,Karl Gotch,1085.0513290120955
1972/08/14,9,Brooklyn Kid,1103.8673665282574
1972/08/14,8,Shoji Kai,1105.2664426556662
1972/08/14,7,Bobby Cash,1161.2897672560825
1972/08/14,6,Tinker Todd,1185.5372617355742
1972/08/14,5,Rugged Russian A,1188.7161548967229
1972/08/14,4,Antonio Inoki,1213.5788517807537
1972/08/14,3,Jim Durango,1217.329645188759
1972/08/14,2,Ernie Lassiter,1224.9352619326917
1972/08/14,1,Toyonobori,1308.800152007934

1972/08/17,20,Eddie Sullivan,994.044001401453
1972/08/17,19,Jim Grabmire,996.7568458265
1972/08/17,18,Koa Tiki,1005.2895518208962
1972/08/17,17,Shoji Kai,1023.2091712300335
1972/08/17,16,George Grant,1024.6123204355115
1972/08/17,15,Rip Tyler,1059.5355293667997
1972/08/17,14,Bob Boyer,1068.0857297880807
1972/08/17,13,John Heidman,1072.2129417826277
1972/08/17,12,Kotetsu Yamamoto,1074.5286596419899
1972/08/17,11,Jesse James,1083.2236193129502
1972/08/17,10,Dick Dunn,1084.02991826249
1972/08/17,9,Karl Gotch,1085.0513290120955
1972/08/17,8,Brooklyn Kid,1103.8673665282574
1972/08/17,7,Bobby Cash,1167.9954262459742
1972/08/17,6,Tinker Todd,1185.5372617355742
1972/08/17,5,Rugged Russian A,1188.7161548967229
1972/08/17,4,Antonio Inoki,1213.5788517807537
1972/08/17,3,Jim Durango,1217.329645188759
1972/08/17,2,Ernie Lassiter,1229.616163477035
1972/08/17,1,Toyonobori,1308.800152007934

1972/08/19,20,Eddie Sullivan,994.044001401453
1972/08/19,19,Jim Grabmire,996.7568458265
1972/08/19,18,Koa Tiki,1005.2895518208962
1972/08/19,17,Shoji Kai,1023.2091712300335
1972/08/19,16,George Grant,1024.6123204355115
1972/08/19,15,Rip Tyler,1059.5355293667997
1972/08/19,14,Bob Boyer,1068.0857297880807
1972/08/19,13,John Heidman,1072.2129417826277
1972/08/19,12,Kotetsu Yamamoto,1074.5286596419899
1972/08/19,11,Jesse James,1083.2236193129502
1972/08/19,10,Karl Gotch,1085.0513290120955
1972/08/19,9,Dick Dunn,1101.295749654686
1972/08/19,8,Brooklyn Kid,1103.8673665282574
1972/08/19,7,Tinker Todd,1185.5372617355742
1972/08/19,6,Rugged Russian A,1188.7161548967229
1972/08/19,5,Antonio Inoki,1213.5788517807537
1972/08/19,4,Jim Durango,1217.329645188759
1972/08/19,3,Ernie Lassiter,1229.616163477035
1972/08/19,2,Bobby Cash,1237.2178219722227
1972/08/19,1,Toyonobori,1274.1889541448097

1972/08/20,20,Eddie Sullivan,994.044001401453
1972/08/20,19,Jim Grabmire,996.7568458265
1972/08/20,18,Koa Tiki,1005.2895518208962
1972/08/20,17,George Grant,1024.6123204355115
1972/08/20,16,Shoji Kai,1025.1841055492903
1972/08/20,15,Kotetsu Yamamoto,1046.3681580779487
1972/08/20,14,Rip Tyler,1059.5355293667997
1972/08/20,13,Bob Boyer,1068.0857297880807
1972/08/20,12,John Heidman,1072.2129417826277
1972/08/20,11,Jesse James,1083.2236193129502
1972/08/20,10,Karl Gotch,1085.0513290120955
1972/08/20,9,Brooklyn Kid,1103.8673665282574
1972/08/20,8,Dick Dunn,1109.8865353935232
1972/08/20,7,Tinker Todd,1185.5372617355742
1972/08/20,6,Rugged Russian A,1188.7161548967229
1972/08/20,5,Antonio Inoki,1213.5788517807537
1972/08/20,4,Jim Durango,1217.329645188759
1972/08/20,3,Ernie Lassiter,1237.1337767442858
1972/08/20,2,Bobby Cash,1251.2980727542433
1972/08/20,1,Toyonobori,1274.1889541448097

1972/08/23,20,Eddie Sullivan,994.044001401453
1972/08/23,19,Jim Grabmire,996.7568458265
1972/08/23,18,George Grant,1024.6123204355115
1972/08/23,17,Shoji Kai,1025.1841055492903
1972/08/23,16,Osamu Kido,1028.4470243879618
1972/08/23,15,Dick Dunn,1050.8460040435791
1972/08/23,14,Rip Tyler,1059.5355293667997
1972/08/23,13,Bob Boyer,1068.0857297880807
1972/08/23,12,John Heidman,1072.2129417826277
1972/08/23,11,Jesse James,1083.2236193129502
1972/08/23,10,Karl Gotch,1085.0513290120955
1972/08/23,9,Brooklyn Kid,1103.8673665282574
1972/08/23,8,Kotetsu Yamamoto,1105.4086894278928
1972/08/23,7,Tinker Todd,1185.5372617355742
1972/08/23,6,Rugged Russian A,1188.7161548967229
1972/08/23,5,Antonio Inoki,1213.5788517807537
1972/08/23,4,Jim Durango,1217.329645188759
1972/08/23,3,Ernie Lassiter,1240.4424223891401
1972/08/23,2,Bobby Cash,1253.0308220746517
1972/08/23,1,Toyonobori,1274.1889541448097

1972/08/24,20,Eddie Sullivan,994.044001401453
1972/08/24,19,Jim Grabmire,996.7568458265
1972/08/24,18,Osamu Kido,1006.9092381184207
1972/08/24,17,George Grant,1024.6123204355115
1972/08/24,16,Shoji Kai,1028.133081992742
1972/08/24,15,Dick Dunn,1050.8460040435791
1972/08/24,14,Rip Tyler,1059.5355293667997
1972/08/24,13,Bob Boyer,1068.0857297880807
1972/08/24,12,John Heidman,1072.2129417826277
1972/08/24,11,Kotetsu Yamamoto,1073.9188397219557
1972/08/24,10,Jesse James,1083.2236193129502
1972/08/24,9,Karl Gotch,1085.0513290120955
1972/08/24,8,Brooklyn Kid,1103.8673665282574
1972/08/24,7,Tinker Todd,1185.5372617355742
1972/08/24,6,Rugged Russian A,1188.7161548967229
1972/08/24,5,Antonio Inoki,1213.5788517807537
1972/08/24,4,Jim Durango,1217.329645188759
1972/08/24,3,Ernie Lassiter,1256.1873472421087
1972/08/24,2,Bobby Cash,1263.7997152094224
1972/08/24,1,Toyonobori,1280.574407673426

1972/08/26,20,Eddie Sullivan,994.044001401453
1972/08/26,19,Jim Grabmire,996.7568458265
1972/08/26,18,Osamu Kido,1006.9092381184207
1972/08/26,17,Kotetsu Yamamoto,1020.603264383049
1972/08/26,16,George Grant,1024.6123204355115
1972/08/26,15,Shoji Kai,1036.8798412749738
1972/08/26,14,Rip Tyler,1059.5355293667997
1972/08/26,13,Bob Boyer,1068.0857297880807
1972/08/26,12,John Heidman,1072.2129417826277
1972/08/26,11,Jesse James,1083.2236193129502
1972/08/26,10,Karl Gotch,1085.0513290120955
1972/08/26,9,Brooklyn Kid,1103.8673665282574
1972/08/26,8,Dick Dunn,1104.1615793824858
1972/08/26,7,Tinker Todd,1185.5372617355742
1972/08/26,6,Rugged Russian A,1188.7161548967229
1972/08/26,5,Antonio Inoki,1213.5788517807537
1972/08/26,4,Jim Durango,1217.329645188759
1972/08/26,3,Ernie Lassiter,1257.809815476124
1972/08/26,2,Bobby Cash,1266.4655730903908
1972/08/26,1,Toyonobori,1280.574407673426

1972/08/27,20,Eddie Sullivan,994.044001401453
1972/08/27,19,Jim Grabmire,996.7568458265
1972/08/27,18,Kotetsu Yamamoto,1000.2680030467528
1972/08/27,17,Osamu Kido,1010.0691054251844
1972/08/27,16,Dick Dunn,1015.8823883640575
1972/08/27,15,George Grant,1024.6123204355115
1972/08/27,14,Shoji Kai,1036.8798412749738
1972/08/27,13,Rip Tyler,1059.5355293667997
1972/08/27,12,Bob Boyer,1068.0857297880807
1972/08/27,11,John Heidman,1072.2129417826277
1972/08/27,10,Jesse James,1083.2236193129502
1972/08/27,9,Karl Gotch,1085.0513290120955
1972/08/27,8,Brooklyn Kid,1103.8673665282574
1972/08/27,7,Tinker Todd,1185.5372617355742
1972/08/27,6,Rugged Russian A,1188.7161548967229
1972/08/27,5,Antonio Inoki,1213.5788517807537
1972/08/27,4,Jim Durango,1217.329645188759
1972/08/27,3,Bobby Cash,1267.5409515389804
1972/08/27,2,Ernie Lassiter,1267.977446144272
1972/08/27,1,Toyonobori,1280.574407673426

1972/08/28,20,Inca Peruano,988.4142064083412
1972/08/28,19,Eddie Sullivan,994.044001401453
1972/08/28,18,Jim Grabmire,996.7568458265
1972/08/28,17,Kotetsu Yamamoto,1000.2680030467528
1972/08/28,16,George Grant,1024.6123204355115
1972/08/28,15,Shoji Kai,1036.8798412749738
1972/08/28,14,Rip Tyler,1059.5355293667997
1972/08/28,13,Dick Dunn,1065.0458677616296
1972/08/28,12,Bob Boyer,1068.0857297880807
1972/08/28,11,John Heidman,1072.2129417826277
1972/08/28,10,Jesse James,1083.2236193129502
1972/08/28,9,Karl Gotch,1085.0513290120955
1972/08/28,8,Brooklyn Kid,1103.8673665282574
1972/08/28,7,Tinker Todd,1185.5372617355742
1972/08/28,6,Rugged Russian A,1188.7161548967229
1972/08/28,5,Antonio Inoki,1213.5788517807537
1972/08/28,4,Jim Durango,1217.329645188759
1972/08/28,3,Bobby Cash,1267.5409515389804
1972/08/28,2,Ernie Lassiter,1267.977446144272
1972/08/28,1,Toyonobori,1287.1393503709605

1972/08/29,20,Inca Peruano,988.4142064083412
1972/08/29,19,Eddie Sullivan,994.044001401453
1972/08/29,18,Jim Grabmire,996.7568458265
1972/08/29,17,Kotetsu Yamamoto,1000.2680030467528
1972/08/29,16,George Grant,1024.6123204355115
1972/08/29,15,Shoji Kai,1046.5402550345789
1972/08/29,14,Rip Tyler,1059.5355293667997
1972/08/29,13,Dick Dunn,1065.0458677616296
1972/08/29,12,Bob Boyer,1068.0857297880807
1972/08/29,11,John Heidman,1072.2129417826277
1972/08/29,10,Jesse James,1083.2236193129502
1972/08/29,9,Karl Gotch,1085.0513290120955
1972/08/29,8,Brooklyn Kid,1103.8673665282574
1972/08/29,7,Tinker Todd,1185.5372617355742
1972/08/29,6,Rugged Russian A,1188.7161548967229
1972/08/29,5,Antonio Inoki,1213.5788517807537
1972/08/29,4,Jim Durango,1217.329645188759
1972/08/29,3,Bobby Cash,1273.8053815195585
1972/08/29,2,Ernie Lassiter,1275.269202679214
1972/08/29,1,Toyonobori,1287.1393503709605

1972/08/30,20,Kotetsu Yamamoto,983.2313829954949
1972/08/30,19,Inca Peruano,988.4142064083412
1972/08/30,18,Eddie Sullivan,994.044001401453
1972/08/30,17,Jim Grabmire,996.7568458265
1972/08/30,16,George Grant,1024.6123204355115
1972/08/30,15,Shoji Kai,1048.3885079223771
1972/08/30,14,Rip Tyler,1059.5355293667997
1972/08/30,13,Dick Dunn,1065.0458677616296
1972/08/30,12,Bob Boyer,1068.0857297880807
1972/08/30,11,John Heidman,1072.2129417826277
1972/08/30,10,Jesse James,1083.2236193129502
1972/08/30,9,Karl Gotch,1085.0513290120955
1972/08/30,8,Brooklyn Kid,1103.8673665282574
1972/08/30,7,Tinker Todd,1185.5372617355742
1972/08/30,6,Rugged Russian A,1188.7161548967229
1972/08/30,5,Antonio Inoki,1213.5788517807537
1972/08/30,4,Jim Durango,1217.329645188759
1972/08/30,3,Bobby Cash,1280.3953314560417
1972/08/30,2,Ernie Lassiter,1283.787512704843
1972/08/30,1,Toyonobori,1287.1393503709605

1972/09/16,20,John Tolley,988.6811722314267
1972/09/16,19,Eddie Sullivan,994.044001401453
1972/09/16,18,Jim Grabmire,996.7568458265
1972/09/16,17,George Grant,1024.6123204355115
1972/09/16,16,Wayne Bridges,1047.5886740598362
1972/09/16,15,Shoji Kai,1050.1797394607522
1972/09/16,14,Rip Tyler,1059.5355293667997
1972/09/16,13,Dick Dunn,1065.0458677616296
1972/09/16,12,Bob Boyer,1068.0857297880807
1972/09/16,11,John Heidman,1072.2129417826277
1972/09/16,10,Jesse James,1083.2236193129502
1972/09/16,9,Karl Gotch,1085.0513290120955
1972/09/16,8,Brooklyn Kid,1103.8673665282574
1972/09/16,7,Tinker Todd,1185.5372617355742
1972/09/16,6,Rugged Russian A,1188.7161548967229
1972/09/16,5,Antonio Inoki,1213.5788517807537
1972/09/16,4,Jim Durango,1217.329645188759
1972/09/16,3,Bobby Cash,1280.3953314560417
1972/09/16,2,Ernie Lassiter,1283.787512704843
1972/09/16,1,Toyonobori,1295.1751729359132

1972/09/19,20,John Tolley,1009.6156001092901
1972/09/19,19,Pat Roach,1017.8636570142127
1972/09/19,18,George Grant,1024.6123204355115
1972/09/19,17,John Kowalski,1027.0238872280609
1972/09/19,16,Prince Kumali,1036.6461235000145
1972/09/19,15,Rip Tyler,1059.5355293667997
1972/09/19,14,Dick Dunn,1065.0458677616296
1972/09/19,13,Bob Boyer,1068.0857297880807
1972/09/19,12,John Heidman,1072.2129417826277
1972/09/19,11,Jesse James,1083.2236193129502
1972/09/19,10,Karl Gotch,1085.0513290120955
1972/09/19,9,Wayne Bridges,1097.961551432524
1972/09/19,8,Brooklyn Kid,1103.8673665282574
1972/09/19,7,Tinker Todd,1185.5372617355742
1972/09/19,6,Rugged Russian A,1188.7161548967229
1972/09/19,5,Antonio Inoki,1213.5788517807537
1972/09/19,4,Jim Durango,1217.329645188759
1972/09/19,3,Bobby Cash,1280.3953314560417
1972/09/19,2,Ernie Lassiter,1283.787512704843
1972/09/19,1,Toyonobori,1295.1751729359132

1972/09/21,20,Shoji Kai,1036.132474659643
1972/09/21,19,John Kowalski,1041.323591957916
1972/09/21,18,Pat Roach,1045.362522222808
1972/09/21,17,Rip Tyler,1059.5355293667997
1972/09/21,16,Prince Kumali,1060.2539822291653
1972/09/21,15,Dick Dunn,1065.0458677616296
1972/09/21,14,Bob Boyer,1068.0857297880807
1972/09/21,13,John Heidman,1072.2129417826277
1972/09/21,12,Jesse James,1083.2236193129502
1972/09/21,11,Red Pimpernel,1084.542563230293
1972/09/21,10,Karl Gotch,1085.0513290120955
1972/09/21,9,Wayne Bridges,1097.961551432524
1972/09/21,8,Brooklyn Kid,1103.8673665282574
1972/09/21,7,Tinker Todd,1185.5372617355742
1972/09/21,6,Rugged Russian A,1188.7161548967229
1972/09/21,5,Antonio Inoki,1213.5788517807537
1972/09/21,4,Jim Durango,1217.329645188759
1972/09/21,3,Toyonobori,1252.9038913207667
1972/09/21,2,Bobby Cash,1280.3953314560417
1972/09/21,1,Ernie Lassiter,1283.787512704843

1972/09/25,20,Prince Kumali,1035.4479102478188
1972/09/25,19,Pat Roach,1056.6589412414921
1972/09/25,18,Rip Tyler,1059.5355293667997
1972/09/25,17,John Kowalski,1059.9719735241397
1972/09/25,16,Dick Dunn,1065.0458677616296
1972/09/25,15,Bob Boyer,1068.0857297880807
1972/09/25,14,John Tolley,1072.0480738933074
1972/09/25,13,John Heidman,1072.2129417826277
1972/09/25,12,Jesse James,1083.2236193129502
1972/09/25,11,Red Pimpernel,1084.542563230293
1972/09/25,10,Karl Gotch,1085.0513290120955
1972/09/25,9,Wayne Bridges,1097.961551432524
1972/09/25,8,Brooklyn Kid,1103.8673665282574
1972/09/25,7,Tinker Todd,1185.5372617355742
1972/09/25,6,Rugged Russian A,1188.7161548967229
1972/09/25,5,Antonio Inoki,1213.5788517807537
1972/09/25,4,Jim Durango,1217.329645188759
1972/09/25,3,Toyonobori,1265.30692731144
1972/09/25,2,Bobby Cash,1280.3953314560417
1972/09/25,1,Ernie Lassiter,1283.787512704843

1972/09/26,20,Sean Regan,1001.9828766870081
1972/09/26,19,George Grant,1024.6123204355115
1972/09/26,18,Rip Tyler,1059.5355293667997
1972/09/26,17,Dick Dunn,1065.0458677616296
1972/09/26,16,John Kowalski,1066.914268634343
1972/09/26,15,Bob Boyer,1068.0857297880807
1972/09/26,14,John Heidman,1072.2129417826277
1972/09/26,13,Pat Roach,1073.2885469079242
1972/09/26,12,Jesse James,1083.2236193129502
1972/09/26,11,Red Pimpernel,1084.542563230293
1972/09/26,10,Karl Gotch,1085.0513290120955
1972/09/26,9,Wayne Bridges,1097.961551432524
1972/09/26,8,Brooklyn Kid,1103.8673665282574
1972/09/26,7,Tinker Todd,1185.5372617355742
1972/09/26,6,Rugged Russian A,1188.7161548967229
1972/09/26,5,Jim Durango,1217.329645188759
1972/09/26,4,Antonio Inoki,1226.3380915618777
1972/09/26,3,Toyonobori,1265.30692731144
1972/09/26,2,Bobby Cash,1280.3953314560417
1972/09/26,1,Ernie Lassiter,1283.787512704843

1972/09/27,20,Sean Regan,1001.9828766870081
1972/09/27,19,Shoji Kai,1012.936939598898
1972/09/27,18,George Grant,1024.6123204355115
1972/09/27,17,John Kowalski,1042.7196664999155
1972/09/27,16,Rip Tyler,1059.5355293667997
1972/09/27,15,Dick Dunn,1065.0458677616296
1972/09/27,14,Bob Boyer,1068.0857297880807
1972/09/27,13,John Heidman,1072.2129417826277
1972/09/27,12,Jesse James,1083.2236193129502
1972/09/27,11,Red Pimpernel,1084.542563230293
1972/09/27,10,Karl Gotch,1085.0513290120955
1972/09/27,9,Brooklyn Kid,1103.8673665282574
1972/09/27,8,Wayne Bridges,1117.0680457916847
1972/09/27,7,Tinker Todd,1185.5372617355742
1972/09/27,6,Rugged Russian A,1188.7161548967229
1972/09/27,5,Jim Durango,1217.329645188759
1972/09/27,4,Antonio Inoki,1226.3380915618777
1972/09/27,3,Toyonobori,1277.4042283786537
1972/09/27,2,Bobby Cash,1280.3953314560417
1972/09/27,1,Ernie Lassiter,1283.787512704843

1972/09/28,20,John Tolley,1018.3781620497972
1972/09/28,19,George Grant,1024.6123204355115
1972/09/28,18,Prince Kumali,1041.3377055090737
1972/09/28,17,Rip Tyler,1059.5355293667997
1972/09/28,16,Dick Dunn,1065.0458677616296
1972/09/28,15,Bob Boyer,1068.0857297880807
1972/09/28,14,John Heidman,1072.2129417826277
1972/09/28,13,Jesse James,1083.2236193129502
1972/09/28,12,Red Pimpernel,1084.542563230293
1972/09/28,11,Karl Gotch,1085.0513290120955
1972/09/28,10,John Kowalski,1088.4440551031892
1972/09/28,9,Brooklyn Kid,1103.8673665282574
1972/09/28,8,Wayne Bridges,1117.0680457916847
1972/09/28,7,Tinker Todd,1185.5372617355742
1972/09/28,6,Rugged Russian A,1188.7161548967229
1972/09/28,5,Jim Durango,1217.329645188759
1972/09/28,4,Antonio Inoki,1237.118106968593
1972/09/28,3,Toyonobori,1277.4042283786537
1972/09/28,2,Bobby Cash,1280.3953314560417
1972/09/28,1,Ernie Lassiter,1283.787512704843

1972/09/29,20,Sean Regan,1021.2674939120423
1972/09/29,19,George Grant,1024.6123204355115
1972/09/29,18,Prince Kumali,1048.4587279495668
1972/09/29,17,Rip Tyler,1059.5355293667997
1972/09/29,16,John Tolley,1061.0676114411142
1972/09/29,15,Dick Dunn,1065.0458677616296
1972/09/29,14,Bob Boyer,1068.0857297880807
1972/09/29,13,John Heidman,1072.2129417826277
1972/09/29,12,Jesse James,1083.2236193129502
1972/09/29,11,Red Pimpernel,1084.542563230293
1972/09/29,10,Karl Gotch,1085.0513290120955
1972/09/29,9,Brooklyn Kid,1103.8673665282574
1972/09/29,8,Wayne Bridges,1117.0680457916847
1972/09/29,7,Tinker Todd,1185.5372617355742
1972/09/29,6,Rugged Russian A,1188.7161548967229
1972/09/29,5,Jim Durango,1217.329645188759
1972/09/29,4,Antonio Inoki,1237.118106968593
1972/09/29,3,Toyonobori,1277.4042283786537
1972/09/29,2,Bobby Cash,1280.3953314560417
1972/09/29,1,Ernie Lassiter,1283.787512704843

1972/10/03,20,Pat Roach,1037.2475678192554
1972/10/03,19,John Kowalski,1041.2388906286424
1972/10/03,18,Katsuhisa Shibata,1047.2837963614645
1972/10/03,17,Rip Tyler,1059.5355293667997
1972/10/03,16,Dick Dunn,1065.0458677616296
1972/10/03,15,Bob Boyer,1068.0857297880807
1972/10/03,14,John Heidman,1072.2129417826277
1972/10/03,13,John Tolley,1075.9011246876335
1972/10/03,12,Jesse James,1083.2236193129502
1972/10/03,11,Karl Gotch,1085.0513290120955
1972/10/03,10,Red Pimpernel,1103.697192069411
1972/10/03,9,Brooklyn Kid,1103.8673665282574
1972/10/03,8,Wayne Bridges,1117.0680457916847
1972/10/03,7,Tinker Todd,1185.5372617355742
1972/10/03,6,Rugged Russian A,1188.7161548967229
1972/10/03,5,Jim Durango,1217.329645188759
1972/10/03,4,Antonio Inoki,1237.118106968593
1972/10/03,3,Toyonobori,1277.4042283786537
1972/10/03,2,Bobby Cash,1280.3953314560417
1972/10/03,1,Ernie Lassiter,1283.787512704843

1972/10/04,20,George Grant,1024.6123204355115
1972/10/04,19,John Kowalski,1053.1849048305762
1972/10/04,18,Karl Gotch,1055.6374466728553
1972/10/04,17,Rip Tyler,1059.5355293667997
1972/10/04,16,Dick Dunn,1065.0458677616296
1972/10/04,15,Bob Boyer,1068.0857297880807
1972/10/04,14,John Heidman,1072.2129417826277
1972/10/04,13,Jesse James,1083.2236193129502
1972/10/04,12,Pat Roach,1088.6914956097705
1972/10/04,11,John Tolley,1096.976494038314
1972/10/04,10,Red Pimpernel,1103.697192069411
1972/10/04,9,Brooklyn Kid,1103.8673665282574
1972/10/04,8,Wayne Bridges,1126.6821196011465
1972/10/04,7,Tinker Todd,1185.5372617355742
1972/10/04,6,Rugged Russian A,1188.7161548967229
1972/10/04,5,Jim Durango,1217.329645188759
1972/10/04,4,Antonio Inoki,1251.8250481382133
1972/10/04,3,Toyonobori,1277.4042283786537
1972/10/04,2,Bobby Cash,1280.3953314560417
1972/10/04,1,Ernie Lassiter,1283.787512704843

1972/10/05,20,George Grant,1024.6123204355115
1972/10/05,19,Prince Kumali,1029.748046666816
1972/10/05,18,Pat Roach,1033.9489354033608
1972/10/05,17,Rip Tyler,1059.5355293667997
1972/10/05,16,Dick Dunn,1065.0458677616296
1972/10/05,15,Bob Boyer,1068.0857297880807
1972/10/05,14,John Heidman,1072.2129417826277
1972/10/05,13,Jesse James,1083.2236193129502
1972/10/05,12,Brooklyn Kid,1103.8673665282574
1972/10/05,11,John Tolley,1106.6338441156738
1972/10/05,10,Karl Gotch,1110.380006879265
1972/10/05,9,Wayne Bridges,1126.6821196011465
1972/10/05,8,Red Pimpernel,1138.6554015041143
1972/10/05,7,Tinker Todd,1185.5372617355742
1972/10/05,6,Rugged Russian A,1188.7161548967229
1972/10/05,5,Jim Durango,1217.329645188759
1972/10/05,4,Antonio Inoki,1251.8250481382133
1972/10/05,3,Toyonobori,1277.4042283786537
1972/10/05,2,Bobby Cash,1280.3953314560417
1972/10/05,1,Ernie Lassiter,1283.787512704843

1972/10/09,20,Sean Regan,1021.2674939120423
1972/10/09,19,George Grant,1024.6123204355115
1972/10/09,18,Rip Tyler,1059.5355293667997
1972/10/09,17,Dick Dunn,1065.0458677616296
1972/10/09,16,Bob Boyer,1068.0857297880807
1972/10/09,15,John Heidman,1072.2129417826277
1972/10/09,14,Pat Roach,1073.5860372373656
1972/10/09,13,Jesse James,1083.2236193129502
1972/10/09,12,Brooklyn Kid,1103.8673665282574
1972/10/09,11,Red Pimpernel,1104.3892701139525
1972/10/09,10,Wayne Bridges,1126.6821196011465
1972/10/09,9,John Tolley,1131.9553783829292
1972/10/09,8,Karl Gotch,1148.9800705070877
1972/10/09,7,Tinker Todd,1185.5372617355742
1972/10/09,6,Rugged Russian A,1188.7161548967229
1972/10/09,5,Jim Durango,1217.329645188759
1972/10/09,4,Antonio Inoki,1268.9581138332942
1972/10/09,3,Toyonobori,1277.4042283786537
1972/10/09,2,Bobby Cash,1280.3953314560417
1972/10/09,1,Ernie Lassiter,1283.787512704843

1972/10/10,20,Red Pimpernel,1030.2299509483616
1972/10/10,19,Shoji Kai,1031.7613188046284
1972/10/10,18,John Tolley,1049.8759570969748
1972/10/10,17,Rip Tyler,1059.5355293667997
1972/10/10,16,Dick Dunn,1065.0458677616296
1972/10/10,15,Bob Boyer,1068.0857297880807
1972/10/10,14,Katsuhisa Shibata,1069.563195633423
1972/10/10,13,John Heidman,1072.2129417826277
1972/10/10,12,Pat Roach,1073.5860372373656
1972/10/10,11,Jesse James,1083.2236193129502
1972/10/10,10,Brooklyn Kid,1103.8673665282574
1972/10/10,9,Wayne Bridges,1134.142199129986
1972/10/10,8,Tinker Todd,1185.5372617355742
1972/10/10,7,Rugged Russian A,1188.7161548967229
1972/10/10,6,Karl Gotch,1215.5912019602492
1972/10/10,5,Jim Durango,1217.329645188759
1972/10/10,4,Antonio Inoki,1235.6525481067133
1972/10/10,3,Toyonobori,1277.4042283786537
1972/10/10,2,Bobby Cash,1280.3953314560417
1972/10/10,1,Ernie Lassiter,1283.787512704843

1972/10/12,20,Osamu Kido,1041.0768092585172
1972/10/12,19,John Kowalski,1048.7217607238495
1972/10/12,18,Rip Tyler,1059.5355293667997
1972/10/12,17,John Tolley,1061.8591470414274
1972/10/12,16,Dick Dunn,1065.0458677616296
1972/10/12,15,Bob Boyer,1068.0857297880807
1972/10/12,14,Katsuhisa Shibata,1069.563195633423
1972/10/12,13,John Heidman,1072.2129417826277
1972/10/12,12,Pat Roach,1082.712291672533
1972/10/12,11,Jesse James,1083.2236193129502
1972/10/12,10,Wayne Bridges,1103.6651398031886
1972/10/12,9,Brooklyn Kid,1103.8673665282574
1972/10/12,8,Tinker Todd,1185.5372617355742
1972/10/12,7,Rugged Russian A,1188.7161548967229
1972/10/12,6,Karl Gotch,1215.5912019602492
1972/10/12,5,Jim Durango,1217.329645188759
1972/10/12,4,Antonio Inoki,1235.6525481067133
1972/10/12,3,Bobby Cash,1280.3953314560417
1972/10/12,2,Ernie Lassiter,1283.787512704843
1972/10/12,1,Toyonobori,1292.6427580420523

1972/10/13,20,George Grant,1024.6123204355115
1972/10/13,19,John Kowalski,1029.0054800980756
1972/10/13,18,Red Pimpernel,1030.2299509483616
1972/10/13,17,Pat Roach,1050.9542254859782
1972/10/13,16,Rip Tyler,1059.5355293667997
1972/10/13,15,Dick Dunn,1065.0458677616296
1972/10/13,14,Bob Boyer,1068.0857297880807
1972/10/13,13,Katsuhisa Shibata,1069.563195633423
1972/10/13,12,John Heidman,1072.2129417826277
1972/10/13,11,Jesse James,1083.2236193129502
1972/10/13,10,Brooklyn Kid,1103.8673665282574
1972/10/13,9,Wayne Bridges,1144.754139618976
1972/10/13,8,Tinker Todd,1185.5372617355742
1972/10/13,7,Rugged Russian A,1188.7161548967229
1972/10/13,6,Jim Durango,1217.329645188759
1972/10/13,5,Karl Gotch,1231.4702350535267
1972/10/13,4,Antonio Inoki,1235.6525481067133
1972/10/13,3,Bobby Cash,1280.3953314560417
1972/10/13,2,Ernie Lassiter,1283.787512704843
1972/10/13,1,Toyonobori,1302.5008983549392

1972/10/15,20,John Tolley,1022.3979984167445
1972/10/15,19,George Grant,1024.6123204355115
1972/10/15,18,Red Pimpernel,1030.2299509483616
1972/10/15,17,Rip Tyler,1059.5355293667997
1972/10/15,16,Dick Dunn,1065.0458677616296
1972/10/15,15,Bob Boyer,1068.0857297880807
1972/10/15,14,John Heidman,1072.2129417826277
1972/10/15,13,Katsuhisa Shibata,1080.012468702003
1972/10/15,12,Jesse James,1083.2236193129502
1972/10/15,11,Pat Roach,1096.99442246923
1972/10/15,10,Brooklyn Kid,1103.8673665282574
1972/10/15,9,Wayne Bridges,1144.754139618976
1972/10/15,8,Tinker Todd,1185.5372617355742
1972/10/15,7,Rugged Russian A,1188.7161548967229
1972/10/15,6,Jim Durango,1217.329645188759
1972/10/15,5,Antonio Inoki,1235.6525481067133
1972/10/15,4,Karl Gotch,1242.9550731032068
1972/10/15,3,Bobby Cash,1280.3953314560417
1972/10/15,2,Ernie Lassiter,1283.787512704843
1972/10/15,1,Toyonobori,1311.0806407743119

1972/10/16,20,Shoji Kai,1000.7618889568806
1972/10/16,19,George Grant,1024.6123204355115
1972/10/16,18,Red Pimpernel,1030.2299509483616
1972/10/16,17,Rip Tyler,1059.5355293667997
1972/10/16,16,Dick Dunn,1065.0458677616296
1972/10/16,15,Bob Boyer,1068.0857297880807
1972/10/16,14,John Heidman,1072.2129417826277
1972/10/16,13,Katsuhisa Shibata,1080.012468702003
1972/10/16,12,Jesse James,1083.2236193129502
1972/10/16,11,Pat Roach,1096.99442246923
1972/10/16,10,Brooklyn Kid,1103.8673665282574
1972/10/16,9,Wayne Bridges,1144.754139618976
1972/10/16,8,Tinker Todd,1185.5372617355742
1972/10/16,7,Rugged Russian A,1188.7161548967229
1972/10/16,6,Jim Durango,1217.329645188759
1972/10/16,5,Antonio Inoki,1235.6525481067133
1972/10/16,4,Karl Gotch,1253.921115081036
1972/10/16,3,Bobby Cash,1280.3953314560417
1972/10/16,2,Ernie Lassiter,1283.787512704843
1972/10/16,1,Toyonobori,1318.6578994712622

1972/10/17,20,John Tolley,1000.465914461086
1972/10/17,19,Shoji Kai,1000.7618889568806
1972/10/17,18,George Grant,1024.6123204355115
1972/10/17,17,Rip Tyler,1059.5355293667997
1972/10/17,16,Dick Dunn,1065.0458677616296
1972/10/17,15,Bob Boyer,1068.0857297880807
1972/10/17,14,Pat Roach,1068.1580159847997
1972/10/17,13,John Heidman,1072.2129417826277
1972/10/17,12,Red Pimpernel,1074.7931589068864
1972/10/17,11,Jesse James,1083.2236193129502
1972/10/17,10,Brooklyn Kid,1103.8673665282574
1972/10/17,9,Wayne Bridges,1144.754139618976
1972/10/17,8,Tinker Todd,1185.5372617355742
1972/10/17,7,Rugged Russian A,1188.7161548967229
1972/10/17,6,Jim Durango,1217.329645188759
1972/10/17,5,Antonio Inoki,1235.6525481067133
1972/10/17,4,Karl Gotch,1268.339318323251
1972/10/17,3,Bobby Cash,1280.3953314560417
1972/10/17,2,Ernie Lassiter,1283.787512704843
1972/10/17,1,Toyonobori,1318.6578994712622

1972/10/18,20,Osamu Kido,1027.3510511880581
1972/10/18,19,Tatsumi Fujinami,1037.421273742102
1972/10/18,18,Pat Roach,1049.0343286742784
1972/10/18,17,Shoji Kai,1050.719294813314
1972/10/18,16,Rip Tyler,1059.5355293667997
1972/10/18,15,Dick Dunn,1065.0458677616296
1972/10/18,14,Bob Boyer,1068.0857297880807
1972/10/18,13,John Heidman,1072.2129417826277
1972/10/18,12,Red Pimpernel,1074.7931589068864
1972/10/18,11,Jesse James,1083.2236193129502
1972/10/18,10,Brooklyn Kid,1103.8673665282574
1972/10/18,9,Wayne Bridges,1154.398133244742
1972/10/18,8,Tinker Todd,1185.5372617355742
1972/10/18,7,Rugged Russian A,1188.7161548967229
1972/10/18,6,Jim Durango,1217.329645188759
1972/10/18,5,Antonio Inoki,1235.6525481067133
1972/10/18,4,Karl Gotch,1268.339318323251
1972/10/18,3,Bobby Cash,1280.3953314560417
1972/10/18,2,Ernie Lassiter,1283.787512704843
1972/10/18,1,Toyonobori,1328.2197431265229

1972/10/20,20,George Grant,1024.6123204355115
1972/10/20,19,Shoji Kai,1050.719294813314
1972/10/20,18,Rip Tyler,1059.5355293667997
1972/10/20,17,Dick Dunn,1065.0458677616296
1972/10/20,16,Bob Boyer,1068.0857297880807
1972/10/20,15,John Heidman,1072.2129417826277
1972/10/20,14,Red Pimpernel,1074.7931589068864
1972/10/20,13,Kotetsu Yamamoto,1076.0945361917761
1972/10/20,12,Osamu Kido,1078.7998670164068
1972/10/20,11,Jesse James,1083.2236193129502
1972/10/20,10,Brooklyn Kid,1103.8673665282574
1972/10/20,9,Wayne Bridges,1154.398133244742
1972/10/20,8,Tinker Todd,1185.5372617355742
1972/10/20,7,Rugged Russian A,1188.7161548967229
1972/10/20,6,Jim Durango,1217.329645188759
1972/10/20,5,Antonio Inoki,1235.6525481067133
1972/10/20,4,Karl Gotch,1277.061298644591
1972/10/20,3,Bobby Cash,1280.3953314560417
1972/10/20,2,Ernie Lassiter,1283.787512704843
1972/10/20,1,Toyonobori,1332.9296208113196

1972/10/21,20,George Grant,1024.6123204355115
1972/10/21,19,Osamu Kido,1028.223280928892
1972/10/21,18,Rip Tyler,1059.5355293667997
1972/10/21,17,Dick Dunn,1065.0458677616296
1972/10/21,16,Bob Boyer,1068.0857297880807
1972/10/21,15,John Heidman,1072.2129417826277
1972/10/21,14,Shoji Kai,1082.2709143265186
1972/10/21,13,Jesse James,1083.2236193129502
1972/10/21,12,Kotetsu Yamamoto,1091.1608804219393
1972/10/21,11,Brooklyn Kid,1103.8673665282574
1972/10/21,10,Red Pimpernel,1125.3697449944011
1972/10/21,9,Wayne Bridges,1154.398133244742
1972/10/21,8,Tinker Todd,1185.5372617355742
1972/10/21,7,Rugged Russian A,1188.7161548967229
1972/10/21,6,Jim Durango,1217.329645188759
1972/10/21,5,Antonio Inoki,1235.6525481067133
1972/10/21,4,Karl Gotch,1277.061298644591
1972/10/21,3,Bobby Cash,1280.3953314560417
1972/10/21,2,Ernie Lassiter,1283.787512704843
1972/10/21,1,Toyonobori,1338.8705158129094

1972/10/22,20,George Grant,1024.6123204355115
1972/10/22,19,Osamu Kido,1028.223280928892
1972/10/22,18,Shoji Kai,1042.5042663240129
1972/10/22,17,Rip Tyler,1059.5355293667997
1972/10/22,16,Dick Dunn,1065.0458677616296
1972/10/22,15,Bob Boyer,1068.0857297880807
1972/10/22,14,John Heidman,1072.2129417826277
1972/10/22,13,Jesse James,1083.2236193129502
1972/10/22,12,Kotetsu Yamamoto,1091.1608804219393
1972/10/22,11,Brooklyn Kid,1103.8673665282574
1972/10/22,10,Red Pimpernel,1125.3697449944011
1972/10/22,9,Tinker Todd,1185.5372617355742
1972/10/22,8,Rugged Russian A,1188.7161548967229
1972/10/22,7,Wayne Bridges,1194.1647812472477
1972/10/22,6,Jim Durango,1217.329645188759
1972/10/22,5,Antonio Inoki,1245.0244856214733
1972/10/22,4,Karl Gotch,1277.061298644591
1972/10/22,3,Bobby Cash,1280.3953314560417
1972/10/22,2,Ernie Lassiter,1283.787512704843
1972/10/22,1,Toyonobori,1338.8705158129094

1972/10/25,20,John Tolley,1032.975973120652
1972/10/25,19,Tatsumi Fujinami,1038.1157173240028
1972/10/25,18,Osamu Kido,1041.737379344942
1972/10/25,17,Rip Tyler,1059.5355293667997
1972/10/25,16,Dick Dunn,1065.0458677616296
1972/10/25,15,Bob Boyer,1068.0857297880807
1972/10/25,14,John Heidman,1072.2129417826277
1972/10/25,13,Jesse James,1083.2236193129502
1972/10/25,12,Brooklyn Kid,1103.8673665282574
1972/10/25,11,Red Pimpernel,1125.3697449944011
1972/10/25,10,Kotetsu Yamamoto,1126.933812874364
1972/10/25,9,Tinker Todd,1185.5372617355742
1972/10/25,8,Rugged Russian A,1188.7161548967229
1972/10/25,7,Wayne Bridges,1198.5443611872706
1972/10/25,6,Jim Durango,1217.329645188759
1972/10/25,5,Antonio Inoki,1245.0244856214733
1972/10/25,4,Karl Gotch,1277.061298644591
1972/10/25,3,Bobby Cash,1280.3953314560417
1972/10/25,2,Ernie Lassiter,1283.787512704843
1972/10/25,1,Toyonobori,1338.8705158129094

1972/11/12,20,Don Serrano,1055.9777639556269
1972/11/12,19,Kotetsu Yamamoto,1059.4381510606613
1972/11/12,18,Rip Tyler,1059.5355293667997
1972/11/12,17,Dick Dunn,1065.0458677616296
1972/11/12,16,Johnny Londos,1067.4956618137028
1972/11/12,15,Bob Boyer,1068.0857297880807
1972/11/12,14,John Heidman,1072.2129417826277
1972/11/12,13,Tatsumi Fujinami,1082.6523250906207
1972/11/12,12,Jesse James,1083.2236193129502
1972/11/12,11,Brooklyn Kid,1103.8673665282574
1972/11/12,10,Red Pimpernel,1125.3697449944011
1972/11/12,9,Tinker Todd,1185.5372617355742
1972/11/12,8,Rugged Russian A,1188.7161548967229
1972/11/12,7,Wayne Bridges,1198.5443611872706
1972/11/12,6,Jim Durango,1217.329645188759
1972/11/12,5,Antonio Inoki,1245.0244856214733
1972/11/12,4,Karl Gotch,1277.061298644591
1972/11/12,3,Bobby Cash,1280.3953314560417
1972/11/12,2,Ernie Lassiter,1283.787512704843
1972/11/12,1,Toyonobori,1338.8705158129094

1972/11/13,20,Karl von Stroheim,1047.9517907479183
1972/11/13,19,Rip Tyler,1059.5355293667997
1972/11/13,18,Dick Dunn,1065.0458677616296
1972/11/13,17,Bob Boyer,1068.0857297880807
1972/11/13,16,John Heidman,1072.2129417826277
1972/11/13,15,Jesse James,1083.2236193129502
1972/11/13,14,Tatsumi Fujinami,1094.9290953064751
1972/11/13,13,Johnny Londos,1099.3196359789245
1972/11/13,12,Brooklyn Kid,1103.8673665282574
1972/11/13,11,Don Serrano,1106.4757372250854
1972/11/13,10,Red Pimpernel,1125.3697449944011
1972/11/13,9,Tinker Todd,1185.5372617355742
1972/11/13,8,Rugged Russian A,1188.7161548967229
1972/11/13,7,Wayne Bridges,1198.5443611872706
1972/11/13,6,Jim Durango,1217.329645188759
1972/11/13,5,Antonio Inoki,1245.0244856214733
1972/11/13,4,Karl Gotch,1277.061298644591
1972/11/13,3,Bobby Cash,1280.3953314560417
1972/11/13,2,Ernie Lassiter,1283.787512704843
1972/11/13,1,Toyonobori,1346.743622657328

1972/11/14,20,Tatsumi Fujinami,1035.9370542223505
1972/11/14,19,Rip Tyler,1059.5355293667997
1972/11/14,18,Dick Dunn,1065.0458677616296
1972/11/14,17,Bob Boyer,1068.0857297880807
1972/11/14,16,John Heidman,1072.2129417826277
1972/11/14,15,Osamu Kido,1082.8688122157528
1972/11/14,14,Jesse James,1083.2236193129502
1972/11/14,13,Greg Peterson,1090.7510287982916
1972/11/14,12,Brooklyn Kid,1103.8673665282574
1972/11/14,11,Red Pimpernel,1125.3697449944011
1972/11/14,10,Johnny Londos,1136.4020573880996
1972/11/14,9,Tinker Todd,1185.5372617355742
1972/11/14,8,Rugged Russian A,1188.7161548967229
1972/11/14,7,Wayne Bridges,1198.5443611872706
1972/11/14,6,Jim Durango,1217.329645188759
1972/11/14,5,Antonio Inoki,1245.0244856214733
1972/11/14,4,Karl Gotch,1277.061298644591
1972/11/14,3,Bobby Cash,1280.3953314560417
1972/11/14,2,Ernie Lassiter,1283.787512704843
1972/11/14,1,Toyonobori,1354.337283594954

1972/11/15,20,Rip Tyler,1059.5355293667997
1972/11/15,19,Kotetsu Yamamoto,1062.3634051194094
1972/11/15,18,Dick Dunn,1065.0458677616296
1972/11/15,17,Tatsumi Fujinami,1066.5282142704325
1972/11/15,16,Bob Boyer,1068.0857297880807
1972/11/15,15,John Heidman,1072.2129417826277
1972/11/15,14,Jesse James,1083.2236193129502
1972/11/15,13,Brooklyn Kid,1103.8673665282574
1972/11/15,12,Red Pimpernel,1125.3697449944011
1972/11/15,11,Greg Peterson,1127.3372441616489
1972/11/15,10,Johnny Londos,1178.758397904955
1972/11/15,9,Tinker Todd,1185.5372617355742
1972/11/15,8,Rugged Russian A,1188.7161548967229
1972/11/15,7,Wayne Bridges,1198.5443611872706
1972/11/15,6,Jim Durango,1217.329645188759
1972/11/15,5,Antonio Inoki,1245.0244856214733
1972/11/15,4,Karl Gotch,1277.061298644591
1972/11/15,3,Bobby Cash,1280.3953314560417
1972/11/15,2,Ernie Lassiter,1283.787512704843
1972/11/15,1,Toyonobori,1361.164313791165

1972/11/16,20,Dick Dunn,1065.0458677616296
1972/11/16,19,Greg Peterson,1065.0959274023646
1972/11/16,18,Bob Boyer,1068.0857297880807
1972/11/16,17,Tatsumi Fujinami,1068.9523044960279
1972/11/16,16,John Heidman,1072.2129417826277
1972/11/16,15,Jesse James,1083.2236193129502
1972/11/16,14,Osamu Kido,1102.7537884581816
1972/11/16,13,Brooklyn Kid,1103.8673665282574
1972/11/16,12,Kotetsu Yamamoto,1106.3381476783106
1972/11/16,11,Red Pimpernel,1125.3697449944011
1972/11/16,10,Johnny Londos,1178.758397904955
1972/11/16,9,Tinker Todd,1185.5372617355742
1972/11/16,8,Rugged Russian A,1188.7161548967229
1972/11/16,7,Wayne Bridges,1198.5443611872706
1972/11/16,6,Jim Durango,1217.329645188759
1972/11/16,5,Antonio Inoki,1245.0244856214733
1972/11/16,4,Karl Gotch,1277.061298644591
1972/11/16,3,Bobby Cash,1280.3953314560417
1972/11/16,2,Ernie Lassiter,1283.787512704843
1972/11/16,1,Toyonobori,1361.164313791165

1972/11/18,20,Rip Tyler,1059.5355293667997
1972/11/18,19,Osamu Kido,1063.520527466338
1972/11/18,18,Dick Dunn,1065.0458677616296
1972/11/18,17,Bob Boyer,1068.0857297880807
1972/11/18,16,John Heidman,1072.2129417826277
1972/11/18,15,Jesse James,1083.2236193129502
1972/11/18,14,Brooklyn Kid,1103.8673665282574
1972/11/18,13,Kotetsu Yamamoto,1106.3381476783106
1972/11/18,12,Greg Peterson,1115.6508818879895
1972/11/18,11,Red Pimpernel,1125.3697449944011
1972/11/18,10,Tinker Todd,1185.5372617355742
1972/11/18,9,Rugged Russian A,1188.7161548967229
1972/11/18,8,Wayne Bridges,1198.5443611872706
1972/11/18,7,Jim Durango,1217.329645188759
1972/11/18,6,Johnny Londos,1217.9916588967985
1972/11/18,5,Antonio Inoki,1245.0244856214733
1972/11/18,4,Karl Gotch,1277.061298644591
1972/11/18,3,Bobby Cash,1280.3953314560417
1972/11/18,2,Ernie Lassiter,1283.787512704843
1972/11/18,1,Toyonobori,1367.5169438354487

1972/11/20,20,Rip Tyler,1059.5355293667997
1972/11/20,19,Osamu Kido,1063.520527466338
1972/11/20,18,Dick Dunn,1065.0458677616296
1972/11/20,17,Bob Boyer,1068.0857297880807
1972/11/20,16,John Heidman,1072.2129417826277
1972/11/20,15,Jesse James,1083.2236193129502
1972/11/20,14,Greg Peterson,1096.6485336272417
1972/11/20,13,Brooklyn Kid,1103.8673665282574
1972/11/20,12,Red Pimpernel,1125.3697449944011
1972/11/20,11,Kotetsu Yamamoto,1143.3079119249355
1972/11/20,10,Tinker Todd,1185.5372617355742
1972/11/20,9,Rugged Russian A,1188.7161548967229
1972/11/20,8,Wayne Bridges,1198.5443611872706
1972/11/20,7,Jim Durango,1217.329645188759
1972/11/20,6,Johnny Londos,1226.8839854412179
1972/11/20,5,Antonio Inoki,1245.0244856214733
1972/11/20,4,Karl Gotch,1277.061298644591
1972/11/20,3,Bobby Cash,1280.3953314560417
1972/11/20,2,Ernie Lassiter,1283.787512704843
1972/11/20,1,Toyonobori,1377.0181179658225

1972/11/21,20,Greg Peterson,1053.323278543218
1972/11/21,19,Rip Tyler,1059.5355293667997
1972/11/21,18,Osamu Kido,1063.520527466338
1972/11/21,17,Dick Dunn,1065.0458677616296
1972/11/21,16,Bob Boyer,1068.0857297880807
1972/11/21,15,John Heidman,1072.2129417826277
1972/11/21,14,Jesse James,1083.2236193129502
1972/11/21,13,Brooklyn Kid,1103.8673665282574
1972/11/21,12,Red Pimpernel,1125.3697449944011
1972/11/21,11,Tinker Todd,1185.5372617355742
1972/11/21,10,Kotetsu Yamamoto,1186.6331670089592
1972/11/21,9,Rugged Russian A,1188.7161548967229
1972/11/21,8,Wayne Bridges,1198.5443611872706
1972/11/21,7,Jim Durango,1217.329645188759
1972/11/21,6,Johnny Londos,1239.5669316096325
1972/11/21,5,Antonio Inoki,1245.0244856214733
1972/11/21,4,Karl Gotch,1277.061298644591
1972/11/21,3,Bobby Cash,1280.3953314560417
1972/11/21,2,Ernie Lassiter,1283.787512704843
1972/11/21,1,Toyonobori,1381.5557138130634

1972/11/22,20,Dick Dunn,1065.0458677616296
1972/11/22,19,Bob Boyer,1068.0857297880807
1972/11/22,18,John Heidman,1072.2129417826277
1972/11/22,17,Jesse James,1083.2236193129502
1972/11/22,16,Greg Peterson,1100.927789562996
1972/11/22,15,Brooklyn Kid,1103.8673665282574
1972/11/22,14,Osamu Kido,1111.2342972588065
1972/11/22,13,Frank Morrell,1114.981902983242
1972/11/22,12,Kotetsu Yamamoto,1117.4011363124714
1972/11/22,11,Red Pimpernel,1125.3697449944011
1972/11/22,10,Tinker Todd,1185.5372617355742
1972/11/22,9,Rugged Russian A,1188.7161548967229
1972/11/22,8,Wayne Bridges,1198.5443611872706
1972/11/22,7,Jim Durango,1217.329645188759
1972/11/22,6,Johnny Londos,1239.5669316096325
1972/11/22,5,Antonio Inoki,1245.0244856214733
1972/11/22,4,Karl Gotch,1277.061298644591
1972/11/22,3,Bobby Cash,1280.3953314560417
1972/11/22,2,Ernie Lassiter,1283.787512704843
1972/11/22,1,Toyonobori,1385.7802069264703

1972/11/23,20,Dick Dunn,1065.0458677616296
1972/11/23,19,Bob Boyer,1068.0857297880807
1972/11/23,18,John Heidman,1072.2129417826277
1972/11/23,17,Katsuhisa Shibata,1076.2926201734272
1972/11/23,16,Osamu Kido,1078.9063683541424
1972/11/23,15,Jesse James,1083.2236193129502
1972/11/23,14,Brooklyn Kid,1103.8673665282574
1972/11/23,13,Frank Morrell,1114.981902983242
1972/11/23,12,Kotetsu Yamamoto,1117.4011363124714
1972/11/23,11,Red Pimpernel,1125.3697449944011
1972/11/23,10,Tinker Todd,1185.5372617355742
1972/11/23,9,Rugged Russian A,1188.7161548967229
1972/11/23,8,Wayne Bridges,1198.5443611872706
1972/11/23,7,Jim Durango,1217.329645188759
1972/11/23,6,Antonio Inoki,1245.0244856214733
1972/11/23,5,Johnny Londos,1255.7308960619646
1972/11/23,4,Karl Gotch,1277.061298644591
1972/11/23,3,Bobby Cash,1280.3953314560417
1972/11/23,2,Ernie Lassiter,1283.787512704843
1972/11/23,1,Toyonobori,1389.7309632816973

1972/11/24,20,Dick Dunn,1065.0458677616296
1972/11/24,19,Bob Boyer,1068.0857297880807
1972/11/24,18,Greg Peterson,1069.251036987081
1972/11/24,17,John Heidman,1072.2129417826277
1972/11/24,16,Katsuhisa Shibata,1076.2926201734272
1972/11/24,15,Jesse James,1083.2236193129502
1972/11/24,14,Brooklyn Kid,1103.8673665282574
1972/11/24,13,Red Pimpernel,1125.3697449944011
1972/11/24,12,Kotetsu Yamamoto,1145.1615942076664
1972/11/24,11,Frank Morrell,1159.808794063839
1972/11/24,10,Tinker Todd,1185.5372617355742
1972/11/24,9,Rugged Russian A,1188.7161548967229
1972/11/24,8,Wayne Bridges,1198.5443611872706
1972/11/24,7,Jim Durango,1217.329645188759
1972/11/24,6,Antonio Inoki,1245.0244856214733
1972/11/24,5,Johnny Londos,1255.7308960619646
1972/11/24,4,Karl Gotch,1277.061298644591
1972/11/24,3,Bobby Cash,1280.3953314560417
1972/11/24,2,Ernie Lassiter,1283.787512704843
1972/11/24,1,Toyonobori,1395.8764744741513

1972/11/25,20,Dick Dunn,1065.0458677616296
1972/11/25,19,Bob Boyer,1068.0857297880807
1972/11/25,18,John Heidman,1072.2129417826277
1972/11/25,17,Jesse James,1083.2236193129502
1972/11/25,16,Brooklyn Kid,1103.8673665282574
1972/11/25,15,Greg Peterson,1116.0305985089567
1972/11/25,14,Katsuhisa Shibata,1120.5280710305715
1972/11/25,13,Red Pimpernel,1125.3697449944011
1972/11/25,12,Kotetsu Yamamoto,1145.1615942076664
1972/11/25,11,Frank Morrell,1159.808794063839
1972/11/25,10,Tinker Todd,1185.5372617355742
1972/11/25,9,Rugged Russian A,1188.7161548967229
1972/11/25,8,Wayne Bridges,1198.5443611872706
1972/11/25,7,Jim Durango,1217.329645188759
1972/11/25,6,Antonio Inoki,1245.0244856214733
1972/11/25,5,Johnny Londos,1255.7308960619646
1972/11/25,4,Karl Gotch,1277.061298644591
1972/11/25,3,Bobby Cash,1280.3953314560417
1972/11/25,2,Ernie Lassiter,1283.787512704843
1972/11/25,1,Toyonobori,1398.9689392663747

1972/11/27,20,Dick Dunn,1065.0458677616296
1972/11/27,19,Shoji Kai,1066.1583417644333
1972/11/27,18,Bob Boyer,1068.0857297880807
1972/11/27,17,John Heidman,1072.2129417826277
1972/11/27,16,Kotetsu Yamamoto,1074.423592838257
1972/11/27,15,Jesse James,1083.2236193129502
1972/11/27,14,Brooklyn Kid,1103.8673665282574
1972/11/27,13,Katsuhisa Shibata,1120.5280710305715
1972/11/27,12,Red Pimpernel,1125.3697449944011
1972/11/27,11,Tinker Todd,1185.5372617355742
1972/11/27,10,Rugged Russian A,1188.7161548967229
1972/11/27,9,Frank Morrell,1192.4654335787448
1972/11/27,8,Wayne Bridges,1198.5443611872706
1972/11/27,7,Jim Durango,1217.329645188759
1972/11/27,6,Antonio Inoki,1245.0244856214733
1972/11/27,5,Johnny Londos,1255.7308960619646
1972/11/27,4,Karl Gotch,1277.061298644591
1972/11/27,3,Bobby Cash,1280.3953314560417
1972/11/27,2,Ernie Lassiter,1283.787512704843
1972/11/27,1,Toyonobori,1401.8130239274765

1972/11/29,20,Dick Dunn,1065.0458677616296
1972/11/29,19,Bob Boyer,1068.0857297880807
1972/11/29,18,John Heidman,1072.2129417826277
1972/11/29,17,Jesse James,1083.2236193129502
1972/11/29,16,Kotetsu Yamamoto,1101.2102760858024
1972/11/29,15,Brooklyn Kid,1103.8673665282574
1972/11/29,14,Don Serrano,1113.0778893821025
1972/11/29,13,Katsuhisa Shibata,1120.5280710305715
1972/11/29,12,Red Pimpernel,1125.3697449944011
1972/11/29,11,Tinker Todd,1185.5372617355742
1972/11/29,10,Rugged Russian A,1188.7161548967229
1972/11/29,9,Frank Morrell,1192.4654335787448
1972/11/29,8,Wayne Bridges,1198.5443611872706
1972/11/29,7,Jim Durango,1217.329645188759
1972/11/29,6,Antonio Inoki,1245.0244856214733
1972/11/29,5,Johnny Londos,1255.7308960619646
1972/11/29,4,Karl Gotch,1277.061298644591
1972/11/29,3,Bobby Cash,1280.3953314560417
1972/11/29,2,Ernie Lassiter,1283.787512704843
1972/11/29,1,Toyonobori,1407.64021769134

1972/12/02,20,Dick Dunn,1065.0458677616296
1972/12/02,19,Osamu Kido,1066.9600536734742
1972/12/02,18,Bob Boyer,1068.0857297880807
1972/12/02,17,John Heidman,1072.2129417826277
1972/12/02,16,Jesse James,1083.2236193129502
1972/12/02,15,Katsuhisa Shibata,1089.0592168222029
1972/12/02,14,Kotetsu Yamamoto,1101.2102760858024
1972/12/02,13,Brooklyn Kid,1103.8673665282574
1972/12/02,12,Red Pimpernel,1125.3697449944011
1972/12/02,11,Tinker Todd,1185.5372617355742
1972/12/02,10,Rugged Russian A,1188.7161548967229
1972/12/02,9,Frank Morrell,1192.4654335787448
1972/12/02,8,Wayne Bridges,1198.5443611872706
1972/12/02,7,Jim Durango,1217.329645188759
1972/12/02,6,Antonio Inoki,1245.0244856214733
1972/12/02,5,Johnny Londos,1271.465323166149
1972/12/02,4,Karl Gotch,1277.061298644591
1972/12/02,3,Bobby Cash,1280.3953314560417
1972/12/02,2,Ernie Lassiter,1283.787512704843
1972/12/02,1,Toyonobori,1412.9690035967747

1972/12/03,20,Dick Dunn,1065.0458677616296
1972/12/03,19,Shoji Kai,1066.9000928577598
1972/12/03,18,Bob Boyer,1068.0857297880807
1972/12/03,17,John Heidman,1072.2129417826277
1972/12/03,16,Jesse James,1083.2236193129502
1972/12/03,15,Katsuhisa Shibata,1089.0592168222029
1972/12/03,14,Brooklyn Kid,1103.8673665282574
1972/12/03,13,Red Pimpernel,1125.3697449944011
1972/12/03,12,Kotetsu Yamamoto,1143.5474529428348
1972/12/03,11,Tinker Todd,1185.5372617355742
1972/12/03,10,Rugged Russian A,1188.7161548967229
1972/12/03,9,Wayne Bridges,1198.5443611872706
1972/12/03,8,Jim Durango,1217.329645188759
1972/12/03,7,Frank Morrell,1225.1504290730936
1972/12/03,6,Antonio Inoki,1245.0244856214733
1972/12/03,5,Johnny Londos,1271.465323166149
1972/12/03,4,Karl Gotch,1277.061298644591
1972/12/03,3,Bobby Cash,1280.3953314560417
1972/12/03,2,Ernie Lassiter,1283.787512704843
1972/12/03,1,Toyonobori,1417.0273065667368

1972/12/06,20,Ronnie Paul,1062.5431253523022
1972/12/06,19,Dick Dunn,1065.0458677616296
1972/12/06,18,Bob Boyer,1068.0857297880807
1972/12/06,17,Shoji Kai,1068.7153280295558
1972/12/06,16,John Heidman,1072.2129417826277
1972/12/06,15,Jesse James,1083.2236193129502
1972/12/06,14,Brooklyn Kid,1103.8673665282574
1972/12/06,13,Red Pimpernel,1125.3697449944011
1972/12/06,12,Kotetsu Yamamoto,1171.9940390294828
1972/12/06,11,Tinker Todd,1185.5372617355742
1972/12/06,10,Rugged Russian A,1188.7161548967229
1972/12/06,9,Wayne Bridges,1198.5443611872706
1972/12/06,8,Jim Durango,1217.329645188759
1972/12/06,7,Frank Morrell,1225.1504290730936
1972/12/06,6,Antonio Inoki,1245.0244856214733
1972/12/06,5,Johnny Londos,1271.465323166149
1972/12/06,4,Karl Gotch,1277.061298644591
1972/12/06,3,Bobby Cash,1280.3953314560417
1972/12/06,2,Ernie Lassiter,1283.787512704843
1972/12/06,1,Toyonobori,1420.49018723736

1972/12/07,20,Dick Dunn,1065.0458677616296
1972/12/07,19,Bob Boyer,1068.0857297880807
1972/12/07,18,John Heidman,1072.2129417826277
1972/12/07,17,Jesse James,1083.2236193129502
1972/12/07,16,Shoji Kai,1093.9486382698476
1972/12/07,15,Brooklyn Kid,1103.8673665282574
1972/12/07,14,Ronnie Paul,1108.483976414462
1972/12/07,13,Red Pimpernel,1125.3697449944011
1972/12/07,12,Tinker Todd,1185.5372617355742
1972/12/07,11,Rugged Russian A,1188.7161548967229
1972/12/07,10,Wayne Bridges,1198.5443611872706
1972/12/07,9,Kotetsu Yamamoto,1204.6488179770436
1972/12/07,8,Jim Durango,1217.329645188759
1972/12/07,7,Frank Morrell,1225.1504290730936
1972/12/07,6,Antonio Inoki,1245.0244856214733
1972/12/07,5,Johnny Londos,1271.465323166149
1972/12/07,4,Karl Gotch,1277.061298644591
1972/12/07,3,Bobby Cash,1280.3953314560417
1972/12/07,2,Ernie Lassiter,1283.787512704843
1972/12/07,1,Toyonobori,1423.6972454468714

1972/12/08,20,Dick Dunn,1065.0458677616296
1972/12/08,19,Bob Boyer,1068.0857297880807
1972/12/08,18,John Heidman,1072.2129417826277
1972/12/08,17,Jesse James,1083.2236193129502
1972/12/08,16,Brooklyn Kid,1103.8673665282574
1972/12/08,15,Ronnie Paul,1108.483976414462
1972/12/08,14,Shoji Kai,1108.6015282665521
1972/12/08,13,Red Pimpernel,1125.3697449944011
1972/12/08,12,Tinker Todd,1185.5372617355742
1972/12/08,11,Rugged Russian A,1188.7161548967229
1972/12/08,10,Wayne Bridges,1198.5443611872706
1972/12/08,9,Kotetsu Yamamoto,1217.137754272866
1972/12/08,8,Jim Durango,1217.329645188759
1972/12/08,7,Frank Morrell,1235.3362719221584
1972/12/08,6,Antonio Inoki,1245.0244856214733
1972/12/08,5,Johnny Londos,1271.465323166149
1972/12/08,4,Karl Gotch,1277.061298644591
1972/12/08,3,Bobby Cash,1280.3953314560417
1972/12/08,2,Ernie Lassiter,1283.787512704843
1972/12/08,1,Toyonobori,1426.7420354421881

1972/12/11,20,Rip Tyler,1059.5355293667997
1972/12/11,19,Dick Dunn,1065.0458677616296
1972/12/11,18,Bob Boyer,1068.0857297880807
1972/12/11,17,John Heidman,1072.2129417826277
1972/12/11,16,Jesse James,1083.2236193129502
1972/12/11,15,Brooklyn Kid,1103.8673665282574
1972/12/11,14,Red Pimpernel,1125.3697449944011
1972/12/11,13,Ronnie Paul,1139.2963322994835
1972/12/11,12,Tinker Todd,1185.5372617355742
1972/12/11,11,Rugged Russian A,1188.7161548967229
1972/12/11,10,Wayne Bridges,1198.5443611872706
1972/12/11,9,Jim Durango,1217.329645188759
1972/12/11,8,Kotetsu Yamamoto,1225.4199553654232
1972/12/11,7,Frank Morrell,1235.3362719221584
1972/12/11,6,Antonio Inoki,1245.0244856214733
1972/12/11,5,Johnny Londos,1271.465323166149
1972/12/11,4,Karl Gotch,1277.061298644591
1972/12/11,3,Bobby Cash,1280.3953314560417
1972/12/11,2,Ernie Lassiter,1283.787512704843
1972/12/11,1,Toyonobori,1431.19438465216

final,45,Yoshiaki Fujiwara,306.8382736348001
final,44,Masanobu Kurisu,480.8936543929022
final,43,Ivan Kameroff,646.8342214555284
final,42,Makoto Arakawa,648.0714842387164
final,41,Harold Sakata,649.7583456336894
final,40,Prince Kumali,678.7317881770767
final,39,Rugged Russian B,765.225656720592
final,38,Tatsumi Fujinami,773.5135579308989
final,37,Little Hamada / Hiroaki Hamada,863.4907119509776
final,36,Karl von Stroheim,903.1387037665882
final,35,John Kowalski,929.373357003545
final,34,Osamu Kido,937.1501655338144
final,33,Pat Roach,953.7225275123349
final,32,Sean Regan,962.1099821404823
final,31,Tetsuo Sekigawa,966.0713900495708
final,30,Koa Tiki,977.5011630717348
final,29,Inca Peruano,988.4142064083412
final,28,Eddie Sullivan,994.044001401453
final,27,Jim Grabmire,996.7568458265
final,26,Greg Peterson,1013.8866320683849
final,25,George Grant,1024.6123204355115
final,24,Katsuhisa Shibata,1026.5160914699006
final,23,John Tolley,1032.975973120652
final,22,Shoji Kai,1041.9896144046734
final,21,Don Serrano,1055.2292875246735
final,20,Rip Tyler,1059.5355293667997
final,19,Dick Dunn,1065.0458677616296
final,18,Bob Boyer,1068.0857297880807
final,17,John Heidman,1072.2129417826277
final,16,Jesse James,1083.2236193129502
final,15,Brooklyn Kid,1103.8673665282574
final,14,Red Pimpernel,1125.3697449944011
final,13,Ronnie Paul,1139.2963322994835
final,12,Tinker Todd,1185.5372617355742
final,11,Rugged Russian A,1188.7161548967229
final,10,Wayne Bridges,1198.5443611872706
final,9,Jim Durango,1217.329645188759
final,8,Kotetsu Yamamoto,1225.4199553654232
final,7,Frank Morrell,1235.3362719221584
final,6,Antonio Inoki,1245.0244856214733
final,5,Johnny Londos,1271.465323166149
final,4,Karl Gotch,1277.061298644591
final,3,Bobby Cash,1280.3953314560417
final,2,Ernie Lassiter,1283.787512704843
final,1,Toyonobori,1431.19438465216

